buffer_size,repetition,effective_update_ratio,preservation_ratio,disconnect_rate,dropped_overflow,flushed_from_buffer,sent_directly,total_rounds,total_useful_updates
0,1,1.0,1.0,0.0,0,0,100,100,100
0,2,1.0,1.0,0.0,0,0,100,100,100
0,3,1.0,1.0,0.0,0,0,100,100,100
0,4,1.0,1.0,0.0,0,0,100,100,100
0,5,1.0,1.0,0.0,0,0,100,100,100
0,6,1.0,1.0,0.0,0,0,100,100,100
0,7,1.0,1.0,0.0,0,0,100,100,100
0,8,1.0,1.0,0.0,0,0,100,100,100
0,9,1.0,1.0,0.0,0,0,100,100,100
0,10,1.0,1.0,0.0,0,0,100,100,100
0,1,0.91,0.0,0.1,9,0,91,100,91
0,2,0.9,0.0,0.1,10,0,90,100,90
0,3,0.9,0.0,0.1,10,0,90,100,90
0,4,0.91,0.0,0.1,9,0,91,100,91
0,5,0.86,0.0,0.1,14,0,86,100,86
0,6,0.89,0.0,0.1,11,0,89,100,89
0,7,0.9,0.0,0.1,10,0,90,100,90
0,8,0.9,0.0,0.1,10,0,90,100,90
0,9,0.93,0.0,0.1,7,0,93,100,93
0,10,0.89,0.0,0.1,11,0,89,100,89
0,1,0.86,0.0,0.2,14,0,86,100,86
0,2,0.83,0.0,0.2,17,0,83,100,83
0,3,0.81,0.0,0.2,19,0,81,100,81
0,4,0.78,0.0,0.2,22,0,78,100,78
0,5,0.75,0.0,0.2,25,0,75,100,75
0,6,0.84,0.0,0.2,16,0,84,100,84
0,7,0.78,0.0,0.2,22,0,78,100,78
0,8,0.79,0.0,0.2,21,0,79,100,79
0,9,0.84,0.0,0.2,16,0,84,100,84
0,10,0.83,0.0,0.2,17,0,83,100,83
0,1,0.7,0.0,0.3,30,0,70,100,70
0,2,0.71,0.0,0.3,29,0,71,100,71
0,3,0.73,0.0,0.3,27,0,73,100,73
0,4,0.72,0.0,0.3,28,0,72,100,72
0,5,0.64,0.0,0.3,36,0,64,100,64
0,6,0.75,0.0,0.3,25,0,75,100,75
0,7,0.7,0.0,0.3,30,0,70,100,70
0,8,0.69,0.0,0.3,31,0,69,100,69
0,9,0.72,0.0,0.3,28,0,72,100,72
0,10,0.71,0.0,0.3,29,0,71,100,71
0,1,0.52,0.0,0.5,48,0,52,100,52
0,2,0.48,0.0,0.5,52,0,48,100,48
0,3,0.54,0.0,0.5,46,0,54,100,54
0,4,0.57,0.0,0.5,43,0,57,100,57
0,5,0.44,0.0,0.5,56,0,44,100,44
0,6,0.5,0.0,0.5,50,0,50,100,50
0,7,0.5,0.0,0.5,50,0,50,100,50
0,8,0.5,0.0,0.5,50,0,50,100,50
0,9,0.56,0.0,0.5,44,0,56,100,56
0,10,0.46,0.0,0.5,54,0,46,100,46
0,1,0.33,0.0,0.7,67,0,33,100,33
0,2,0.23,0.0,0.7,77,0,23,100,23
0,3,0.37,0.0,0.7,63,0,37,100,37
0,4,0.38,0.0,0.7,62,0,38,100,38
0,5,0.3,0.0,0.7,70,0,30,100,30
0,6,0.29,0.0,0.7,71,0,29,100,29
0,7,0.33,0.0,0.7,67,0,33,100,33
0,8,0.31,0.0,0.7,69,0,31,100,31
0,9,0.35,0.0,0.7,65,0,35,100,35
0,10,0.3,0.0,0.7,70,0,30,100,30
0,1,0.14,0.0,0.9,86,0,14,100,14
0,2,0.07,0.0,0.9,93,0,7,100,7
0,3,0.14,0.0,0.9,86,0,14,100,14
0,4,0.17,0.0,0.9,83,0,17,100,17
0,5,0.12,0.0,0.9,88,0,12,100,12
0,6,0.13,0.0,0.9,87,0,13,100,13
0,7,0.09,0.0,0.9,91,0,9,100,9
0,8,0.11,0.0,0.9,89,0,11,100,11
0,9,0.12,0.0,0.9,88,0,12,100,12
0,10,0.11,0.0,0.9,89,0,11,100,11
0,1,0.0,0.0,1.0,100,0,0,100,0
0,2,0.0,0.0,1.0,100,0,0,100,0
0,3,0.0,0.0,1.0,100,0,0,100,0
0,4,0.0,0.0,1.0,100,0,0,100,0
0,5,0.0,0.0,1.0,100,0,0,100,0
0,6,0.0,0.0,1.0,100,0,0,100,0
0,7,0.0,0.0,1.0,100,0,0,100,0
0,8,0.0,0.0,1.0,100,0,0,100,0
0,9,0.0,0.0,1.0,100,0,0,100,0
0,10,0.0,0.0,1.0,100,0,0,100,0
5,1,1.0,1.0,0.0,0,0,100,100,100
5,2,1.0,1.0,0.0,0,0,100,100,100
5,3,1.0,1.0,0.0,0,0,100,100,100
5,4,1.0,1.0,0.0,0,0,100,100,100
5,5,1.0,1.0,0.0,0,0,100,100,100
5,6,1.0,1.0,0.0,0,0,100,100,100
5,7,1.0,1.0,0.0,0,0,100,100,100
5,8,1.0,1.0,0.0,0,0,100,100,100
5,9,1.0,1.0,0.0,0,0,100,100,100
5,10,1.0,1.0,0.0,0,0,100,100,100
5,1,1.0,1.0,0.1,0,9,91,100,100
5,2,1.0,1.0,0.1,0,10,90,100,100
5,3,1.0,1.0,0.1,0,10,90,100,100
5,4,1.0,1.0,0.1,0,9,91,100,100
5,5,1.0,1.0,0.1,0,14,86,100,100
5,6,1.0,1.0,0.1,0,11,89,100,100
5,7,1.0,1.0,0.1,0,10,90,100,100
5,8,1.0,1.0,0.1,0,10,90,100,100
5,9,1.0,1.0,0.1,0,7,93,100,100
5,10,1.0,1.0,0.1,0,11,89,100,100
5,1,1.0,1.0,0.2,0,14,86,100,100
5,2,1.0,1.0,0.2,0,17,83,100,100
5,3,0.99,1.0,0.2,0,18,81,100,99
5,4,1.0,1.0,0.2,0,22,78,100,100
5,5,1.0,1.0,0.2,0,25,75,100,100
5,6,0.99,1.0,0.2,0,15,84,100,99
5,7,0.99,1.0,0.2,0,21,78,100,99
5,8,1.0,1.0,0.2,0,21,79,100,100
5,9,1.0,1.0,0.2,0,16,84,100,100
5,10,1.0,1.0,0.2,0,17,83,100,100
5,1,1.0,1.0,0.3,0,30,70,100,100
5,2,1.0,1.0,0.3,0,29,71,100,100
5,3,0.99,1.0,0.3,0,26,73,100,99
5,4,1.0,1.0,0.3,0,28,72,100,100
5,5,1.0,1.0,0.3,0,36,64,100,100
5,6,0.99,1.0,0.3,0,24,75,100,99
5,7,0.99,1.0,0.3,0,29,70,100,99
5,8,1.0,1.0,0.3,0,31,69,100,100
5,9,1.0,1.0,0.3,0,28,72,100,100
5,10,0.99,0.9655,0.3,1,28,71,100,99
5,1,0.98,1.0,0.5,0,46,52,100,98
5,2,0.99,0.9808,0.5,1,51,48,100,99
5,3,0.99,1.0,0.5,0,45,54,100,99
5,4,1.0,1.0,0.5,0,43,57,100,100
5,5,0.99,0.9821,0.5,1,55,44,100,99
5,6,0.97,0.9792,0.5,1,47,50,100,97
5,7,0.99,1.0,0.5,0,49,50,100,99
5,8,0.99,1.0,0.5,0,49,50,100,99
5,9,1.0,1.0,0.5,0,44,56,100,100
5,10,0.95,0.9608,0.5,2,49,46,100,95
5,1,0.94,0.9385,0.7,4,61,33,100,94
5,2,0.87,0.8312,0.7,13,64,23,100,87
5,3,0.96,0.9672,0.7,2,59,37,100,96
5,4,0.93,0.9322,0.7,4,55,38,100,93
5,5,0.95,0.9286,0.7,5,65,30,100,95
5,6,0.84,0.7971,0.7,14,55,29,100,84
5,7,0.91,0.9355,0.7,4,58,33,100,91
5,8,0.88,0.8636,0.7,9,57,31,100,88
5,9,0.9,0.8462,0.7,10,55,35,100,90
5,10,0.89,0.8806,0.7,8,59,30,100,89
5,1,0.61,0.5595,0.9,37,47,14,100,61
5,2,0.37,0.3409,0.9,58,30,7,100,37
5,3,0.61,0.5595,0.9,37,47,14,100,61
5,4,0.64,0.5949,0.9,32,47,17,100,64
5,5,0.5,0.4419,0.9,48,38,12,100,50
5,6,0.63,0.5882,0.9,35,50,13,100,63
5,7,0.42,0.3837,0.9,53,33,9,100,42
5,8,0.52,0.4881,0.9,43,41,11,100,52
5,9,0.63,0.5795,0.9,37,51,12,100,63
5,10,0.48,0.4405,0.9,47,37,11,100,48
5,1,0.0,0.0,1.0,95,0,0,100,0
5,2,0.0,0.0,1.0,95,0,0,100,0
5,3,0.0,0.0,1.0,95,0,0,100,0
5,4,0.0,0.0,1.0,95,0,0,100,0
5,5,0.0,0.0,1.0,95,0,0,100,0
5,6,0.0,0.0,1.0,95,0,0,100,0
5,7,0.0,0.0,1.0,95,0,0,100,0
5,8,0.0,0.0,1.0,95,0,0,100,0
5,9,0.0,0.0,1.0,95,0,0,100,0
5,10,0.0,0.0,1.0,95,0,0,100,0
20,1,1.0,1.0,0.0,0,0,100,100,100
20,2,1.0,1.0,0.0,0,0,100,100,100
20,3,1.0,1.0,0.0,0,0,100,100,100
20,4,1.0,1.0,0.0,0,0,100,100,100
20,5,1.0,1.0,0.0,0,0,100,100,100
20,6,1.0,1.0,0.0,0,0,100,100,100
20,7,1.0,1.0,0.0,0,0,100,100,100
20,8,1.0,1.0,0.0,0,0,100,100,100
20,9,1.0,1.0,0.0,0,0,100,100,100
20,10,1.0,1.0,0.0,0,0,100,100,100
20,1,1.0,1.0,0.1,0,9,91,100,100
20,2,1.0,1.0,0.1,0,10,90,100,100
20,3,1.0,1.0,0.1,0,10,90,100,100
20,4,1.0,1.0,0.1,0,9,91,100,100
20,5,1.0,1.0,0.1,0,14,86,100,100
20,6,1.0,1.0,0.1,0,11,89,100,100
20,7,1.0,1.0,0.1,0,10,90,100,100
20,8,1.0,1.0,0.1,0,10,90,100,100
20,9,1.0,1.0,0.1,0,7,93,100,100
20,10,1.0,1.0,0.1,0,11,89,100,100
20,1,1.0,1.0,0.2,0,14,86,100,100
20,2,1.0,1.0,0.2,0,17,83,100,100
20,3,0.99,1.0,0.2,0,18,81,100,99
20,4,1.0,1.0,0.2,0,22,78,100,100
20,5,1.0,1.0,0.2,0,25,75,100,100
20,6,0.99,1.0,0.2,0,15,84,100,99
20,7,0.99,1.0,0.2,0,21,78,100,99
20,8,1.0,1.0,0.2,0,21,79,100,100
20,9,1.0,1.0,0.2,0,16,84,100,100
20,10,1.0,1.0,0.2,0,17,83,100,100
20,1,1.0,1.0,0.3,0,30,70,100,100
20,2,1.0,1.0,0.3,0,29,71,100,100
20,3,0.99,1.0,0.3,0,26,73,100,99
20,4,1.0,1.0,0.3,0,28,72,100,100
20,5,1.0,1.0,0.3,0,36,64,100,100
20,6,0.99,1.0,0.3,0,24,75,100,99
20,7,0.99,1.0,0.3,0,29,70,100,99
20,8,1.0,1.0,0.3,0,31,69,100,100
20,9,1.0,1.0,0.3,0,28,72,100,100
20,10,1.0,1.0,0.3,0,29,71,100,100
20,1,0.98,1.0,0.5,0,46,52,100,98
20,2,1.0,1.0,0.5,0,52,48,100,100
20,3,0.99,1.0,0.5,0,45,54,100,99
20,4,1.0,1.0,0.5,0,43,57,100,100
20,5,1.0,1.0,0.5,0,56,44,100,100
20,6,0.98,1.0,0.5,0,48,50,100,98
20,7,0.99,1.0,0.5,0,49,50,100,99
20,8,0.99,1.0,0.5,0,49,50,100,99
20,9,1.0,1.0,0.5,0,44,56,100,100
20,10,0.97,1.0,0.5,0,51,46,100,97
20,1,0.98,1.0,0.7,0,65,33,100,98
20,2,1.0,1.0,0.7,0,77,23,100,100
20,3,0.98,1.0,0.7,0,61,37,100,98
20,4,0.97,1.0,0.7,0,59,38,100,97
20,5,1.0,1.0,0.7,0,70,30,100,100
20,6,0.98,1.0,0.7,0,69,29,100,98
20,7,0.94,1.0,0.7,0,61,33,100,94
20,8,0.97,1.0,0.7,0,66,31,100,97
20,9,1.0,1.0,0.7,0,65,35,100,100
20,10,0.97,1.0,0.7,0,67,30,100,97
20,1,0.98,1.0,0.9,0,84,14,100,98
20,2,0.86,0.9186,0.9,7,79,7,100,86
20,3,0.98,1.0,0.9,0,84,14,100,98
20,4,0.96,1.0,0.9,0,79,17,100,96
20,5,0.98,1.0,0.9,0,86,12,100,98
20,6,0.98,1.0,0.9,0,85,13,100,98
20,7,0.92,0.9881,0.9,1,83,9,100,92
20,8,0.78,0.9178,0.9,6,67,11,100,78
20,9,1.0,1.0,0.9,0,88,12,100,100
20,10,0.9,1.0,0.9,0,79,11,100,90
20,1,0.0,0.0,1.0,80,0,0,100,0
20,2,0.0,0.0,1.0,80,0,0,100,0
20,3,0.0,0.0,1.0,80,0,0,100,0
20,4,0.0,0.0,1.0,80,0,0,100,0
20,5,0.0,0.0,1.0,80,0,0,100,0
20,6,0.0,0.0,1.0,80,0,0,100,0
20,7,0.0,0.0,1.0,80,0,0,100,0
20,8,0.0,0.0,1.0,80,0,0,100,0
20,9,0.0,0.0,1.0,80,0,0,100,0
20,10,0.0,0.0,1.0,80,0,0,100,0
unbounded,1,1.0,1.0,0.0,0,0,100,100,100
unbounded,2,1.0,1.0,0.0,0,0,100,100,100
unbounded,3,1.0,1.0,0.0,0,0,100,100,100
unbounded,4,1.0,1.0,0.0,0,0,100,100,100
unbounded,5,1.0,1.0,0.0,0,0,100,100,100
unbounded,6,1.0,1.0,0.0,0,0,100,100,100
unbounded,7,1.0,1.0,0.0,0,0,100,100,100
unbounded,8,1.0,1.0,0.0,0,0,100,100,100
unbounded,9,1.0,1.0,0.0,0,0,100,100,100
unbounded,10,1.0,1.0,0.0,0,0,100,100,100
unbounded,1,1.0,1.0,0.1,0,9,91,100,100
unbounded,2,1.0,1.0,0.1,0,10,90,100,100
unbounded,3,1.0,1.0,0.1,0,10,90,100,100
unbounded,4,1.0,1.0,0.1,0,9,91,100,100
unbounded,5,1.0,1.0,0.1,0,14,86,100,100
unbounded,6,1.0,1.0,0.1,0,11,89,100,100
unbounded,7,1.0,1.0,0.1,0,10,90,100,100
unbounded,8,1.0,1.0,0.1,0,10,90,100,100
unbounded,9,1.0,1.0,0.1,0,7,93,100,100
unbounded,10,1.0,1.0,0.1,0,11,89,100,100
unbounded,1,1.0,1.0,0.2,0,14,86,100,100
unbounded,2,1.0,1.0,0.2,0,17,83,100,100
unbounded,3,0.99,1.0,0.2,0,18,81,100,99
unbounded,4,1.0,1.0,0.2,0,22,78,100,100
unbounded,5,1.0,1.0,0.2,0,25,75,100,100
unbounded,6,0.99,1.0,0.2,0,15,84,100,99
unbounded,7,0.99,1.0,0.2,0,21,78,100,99
unbounded,8,1.0,1.0,0.2,0,21,79,100,100
unbounded,9,1.0,1.0,0.2,0,16,84,100,100
unbounded,10,1.0,1.0,0.2,0,17,83,100,100
unbounded,1,1.0,1.0,0.3,0,30,70,100,100
unbounded,2,1.0,1.0,0.3,0,29,71,100,100
unbounded,3,0.99,1.0,0.3,0,26,73,100,99
unbounded,4,1.0,1.0,0.3,0,28,72,100,100
unbounded,5,1.0,1.0,0.3,0,36,64,100,100
unbounded,6,0.99,1.0,0.3,0,24,75,100,99
unbounded,7,0.99,1.0,0.3,0,29,70,100,99
unbounded,8,1.0,1.0,0.3,0,31,69,100,100
unbounded,9,1.0,1.0,0.3,0,28,72,100,100
unbounded,10,1.0,1.0,0.3,0,29,71,100,100
unbounded,1,0.98,1.0,0.5,0,46,52,100,98
unbounded,2,1.0,1.0,0.5,0,52,48,100,100
unbounded,3,0.99,1.0,0.5,0,45,54,100,99
unbounded,4,1.0,1.0,0.5,0,43,57,100,100
unbounded,5,1.0,1.0,0.5,0,56,44,100,100
unbounded,6,0.98,1.0,0.5,0,48,50,100,98
unbounded,7,0.99,1.0,0.5,0,49,50,100,99
unbounded,8,0.99,1.0,0.5,0,49,50,100,99
unbounded,9,1.0,1.0,0.5,0,44,56,100,100
unbounded,10,0.97,1.0,0.5,0,51,46,100,97
unbounded,1,0.98,1.0,0.7,0,65,33,100,98
unbounded,2,1.0,1.0,0.7,0,77,23,100,100
unbounded,3,0.98,1.0,0.7,0,61,37,100,98
unbounded,4,0.97,1.0,0.7,0,59,38,100,97
unbounded,5,1.0,1.0,0.7,0,70,30,100,100
unbounded,6,0.98,1.0,0.7,0,69,29,100,98
unbounded,7,0.94,1.0,0.7,0,61,33,100,94
unbounded,8,0.97,1.0,0.7,0,66,31,100,97
unbounded,9,1.0,1.0,0.7,0,65,35,100,100
unbounded,10,0.97,1.0,0.7,0,67,30,100,97
unbounded,1,0.98,1.0,0.9,0,84,14,100,98
unbounded,2,0.93,1.0,0.9,0,86,7,100,93
unbounded,3,0.98,1.0,0.9,0,84,14,100,98
unbounded,4,0.96,1.0,0.9,0,79,17,100,96
unbounded,5,0.98,1.0,0.9,0,86,12,100,98
unbounded,6,0.98,1.0,0.9,0,85,13,100,98
unbounded,7,0.93,1.0,0.9,0,84,9,100,93
unbounded,8,0.84,1.0,0.9,0,73,11,100,84
unbounded,9,1.0,1.0,0.9,0,88,12,100,100
unbounded,10,0.9,1.0,0.9,0,79,11,100,90
unbounded,1,0.0,1.0,1.0,0,0,0,100,0
unbounded,2,0.0,1.0,1.0,0,0,0,100,0
unbounded,3,0.0,1.0,1.0,0,0,0,100,0
unbounded,4,0.0,1.0,1.0,0,0,0,100,0
unbounded,5,0.0,1.0,1.0,0,0,0,100,0
unbounded,6,0.0,1.0,1.0,0,0,0,100,0
unbounded,7,0.0,1.0,1.0,0,0,0,100,0
unbounded,8,0.0,1.0,1.0,0,0,0,100,0
unbounded,9,0.0,1.0,1.0,0,0,0,100,0
unbounded,10,0.0,1.0,1.0,0,0,0,100,0