version,round,loss,accuracy,repetition
1,1,4.43737,0.2675,1
2,2,2.5724,0.30125,1
3,3,1.85824,0.37,1
4,4,1.94421,0.365,1
5,5,1.63662,0.46875,1
6,6,1.56674,0.51875,1
7,7,1.48331,0.5225,1
8,8,1.46859,0.51,1
9,9,1.49202,0.4825,1
10,10,1.53752,0.45125,1
11,11,1.45943,0.53875,1
12,12,1.49356,0.52125,1
13,13,1.54167,0.49375,1
14,14,1.44187,0.53,1
15,15,1.4039,0.525,1
16,16,1.36602,0.55625,1
17,17,1.36989,0.545,1
18,18,1.34431,0.5475,1
19,19,1.3268,0.54375,1
20,20,1.27542,0.56625,1
21,21,1.23822,0.58375,1
22,22,1.22028,0.5875,1
23,23,1.22562,0.58625,1
24,24,1.23608,0.565,1
25,25,1.20907,0.59375,1
26,26,1.19291,0.5975,1
27,27,1.17665,0.6075,1
28,28,1.16412,0.61125,1
29,29,1.17158,0.60125,1
30,30,1.15939,0.61,1
31,31,1.13294,0.62625,1
32,32,1.13904,0.6175,1
33,33,1.14803,0.61625,1
34,34,1.15958,0.605,1
35,35,1.17327,0.595,1
36,36,1.16008,0.605,1
37,37,1.16381,0.60625,1
38,38,1.14018,0.615,1
39,39,1.14455,0.6075,1
40,40,1.13195,0.6175,1
41,41,1.12178,0.61625,1
42,42,1.114,0.6125,1
43,43,1.09249,0.63,1
44,44,1.09813,0.6225,1
45,45,1.07938,0.64125,1
46,46,1.06831,0.64375,1
47,47,1.07305,0.64,1
48,48,1.08096,0.63375,1
49,49,1.08992,0.63,1
50,50,1.07319,0.63875,1
51,51,1.08235,0.63,1
52,52,1.06746,0.6475,1
53,53,1.05471,0.65625,1
54,54,1.06322,0.65,1
55,55,1.07254,0.64,1
56,56,1.08255,0.62875,1
57,57,1.09323,0.62625,1
58,58,1.08468,0.62625,1
59,59,1.07824,0.62875,1
60,60,1.08238,0.63,1
61,61,1.0929,0.61875,1
62,62,1.07842,0.6275,1
63,63,1.08248,0.6275,1
64,64,1.06941,0.63625,1
65,65,1.07907,0.6275,1
66,66,1.08313,0.62375,1
67,67,1.07101,0.6275,1
68,68,1.05858,0.6425,1
69,69,1.06754,0.63,1
70,70,1.06122,0.6375,1
71,71,1.04967,0.645,1
72,72,1.05302,0.6425,1
73,73,1.04295,0.64875,1
74,74,1.03404,0.655,1
75,75,1.02587,0.65875,1
76,76,1.0331,0.655,1
77,77,1.02406,0.66625,1
78,78,1.01773,0.6675,1
79,79,1.02027,0.65875,1
80,80,1.0231,0.65625,1
81,81,1.02624,0.65375,1
82,82,1.02084,0.65375,1
83,83,1.01562,0.65875,1
84,84,1.00772,0.6625,1
85,85,1.00276,0.665,1
86,86,0.99568,0.665,1
87,87,0.98726,0.66875,1
88,88,0.98137,0.6775,1
89,89,0.9742,0.68125,1
90,90,0.97656,0.6775,1
91,91,0.97174,0.675,1
92,92,0.97442,0.67875,1
93,93,0.97938,0.6775,1
94,94,0.97373,0.67625,1
95,95,0.96925,0.67625,1
96,96,0.96244,0.67625,1
97,97,0.96497,0.68,1
98,98,0.95877,0.6825,1
99,99,0.95336,0.685,1
100,100,0.95566,0.6825,1
101,101,0.95074,0.68875,1
102,102,0.95478,0.68375,1
103,103,0.95708,0.68375,1
104,104,0.9596,0.67875,1
105,105,0.96233,0.6775,1
106,106,0.95732,0.67875,1
107,107,0.95302,0.68,1
108,108,0.94854,0.6825,1
109,109,0.95105,0.6775,1
110,110,0.94701,0.67875,1
111,111,0.9507,0.6775,1
112,112,0.94578,0.68125,1
113,113,0.94804,0.67875,1
114,114,0.94346,0.68625,1
115,115,0.93926,0.685,1
116,116,0.94269,0.6825,1
117,117,0.93876,0.68375,1
118,118,0.9411,0.68,1
119,119,0.94465,0.67875,1
120,120,0.94057,0.67875,1
121,121,0.93612,0.68625,1
122,122,0.93953,0.6825,1
123,123,0.94169,0.67875,1
124,124,0.93797,0.68,1
125,125,0.93367,0.685,1
126,126,0.9298,0.69375,1
127,127,0.93303,0.68875,1
128,128,0.9364,0.6875,1
129,129,0.93278,0.685,1
130,130,0.92903,0.69,1
131,131,0.93101,0.68875,1
132,132,0.92719,0.6925,1
133,133,0.93039,0.68875,1
134,134,0.92689,0.6925,1
135,135,0.92335,0.6925,1
136,136,0.9199,0.69625,1
137,137,0.92164,0.69375,1
138,138,0.91842,0.695,1
139,139,0.9151,0.695,1
140,140,0.91199,0.6975,1
141,141,0.91379,0.69375,1
142,142,0.91668,0.69125,1
143,143,0.91325,0.69375,1
144,144,0.9102,0.6975,1
145,145,0.90714,0.69625,1
146,146,0.90991,0.69625,1
147,147,0.90708,0.7,1
148,148,0.90457,0.7025,1
149,149,0.90605,0.70125,1
150,150,0.90377,0.70125,1
1,1,7.28275,0.2325,2
2,2,2.98887,0.2975,2
3,3,2.75824,0.31625,2
4,4,2.1182,0.345,2
5,5,1.80772,0.39625,2
6,6,1.90221,0.34625,2
7,7,2.13432,0.30125,2
8,8,1.85155,0.32125,2
9,9,1.83604,0.3475,2
10,10,1.74105,0.38875,2
11,11,1.64165,0.4225,2
12,12,1.53674,0.465,2
13,13,1.48396,0.48875,2
14,14,1.51826,0.46875,2
15,15,1.47259,0.49375,2
16,16,1.51223,0.46875,2
17,17,1.56884,0.44125,2
18,18,1.50725,0.4775,2
19,19,1.5079,0.48375,2
20,20,1.45611,0.49,2
21,21,1.41787,0.50625,2
22,22,1.38634,0.52125,2
23,23,1.41994,0.5025,2
24,24,1.37517,0.51125,2
25,25,1.34289,0.5275,2
26,26,1.31897,0.53875,2
27,27,1.34637,0.525,2
28,28,1.37884,0.51,2
29,29,1.33829,0.5225,2
30,30,1.31782,0.535,2
31,31,1.3039,0.55,2
32,32,1.32837,0.54125,2
33,33,1.31172,0.5425,2
34,34,1.30028,0.54625,2
35,35,1.32469,0.5425,2
36,36,1.31086,0.545,2
37,37,1.33514,0.535,2
38,38,1.32463,0.5425,2
39,39,1.31739,0.545,2
40,40,1.34065,0.5375,2
41,41,1.32664,0.54125,2
42,42,1.35047,0.53125,2
43,43,1.3758,0.51625,2
44,44,1.36219,0.51625,2
45,45,1.3465,0.5325,2
46,46,1.33687,0.54,2
47,47,1.35939,0.5275,2
48,48,1.38299,0.51625,2
49,49,1.40749,0.50625,2
50,50,1.3962,0.50625,2
51,51,1.38237,0.51,2
52,52,1.36935,0.51,2
53,53,1.33243,0.53,2
54,54,1.30112,0.53375,2
55,55,1.28877,0.54625,2
56,56,1.30688,0.5375,2
57,57,1.29467,0.54,2
58,58,1.28346,0.5475,2
59,59,1.30101,0.53625,2
60,60,1.27356,0.545,2
61,61,1.26581,0.55375,2
62,62,1.25575,0.55875,2
63,63,1.23594,0.56375,2
64,64,1.2281,0.56875,2
65,65,1.22331,0.575,2
66,66,1.2366,0.57,2
67,67,1.22886,0.56875,2
68,68,1.22195,0.5725,2
69,69,1.21504,0.575,2
70,70,1.21016,0.57875,2
71,71,1.20643,0.58125,2
72,72,1.1904,0.585,2
73,73,1.18484,0.59375,2
74,74,1.1717,0.59625,2
75,75,1.16565,0.59875,2
76,76,1.16332,0.595,2
77,77,1.17275,0.5925,2
78,78,1.16779,0.6,2
79,79,1.16202,0.60125,2
80,80,1.15798,0.605,2
81,81,1.16691,0.605,2
82,82,1.16428,0.6025,2
83,83,1.16056,0.605,2
84,84,1.15535,0.6125,2
85,85,1.14314,0.60625,2
86,86,1.14124,0.6125,2
87,87,1.13636,0.615,2
88,88,1.13346,0.61375,2
89,89,1.14081,0.61375,2
90,90,1.14853,0.615,2
91,91,1.13703,0.60875,2
92,92,1.13521,0.60875,2
93,93,1.14276,0.60625,2
94,94,1.13214,0.6075,2
95,95,1.1274,0.61375,2
96,96,1.11773,0.61375,2
97,97,1.11387,0.62,2
98,98,1.12105,0.615,2
99,99,1.11161,0.615,2
100,100,1.10306,0.6175,2
101,101,1.11005,0.61625,2
102,102,1.10609,0.6225,2
103,103,1.10435,0.61875,2
104,104,1.10058,0.62125,2
105,105,1.09226,0.6175,2
106,106,1.08913,0.62375,2
107,107,1.08588,0.62875,2
108,108,1.08311,0.6275,2
109,109,1.08936,0.62625,2
110,110,1.08683,0.62875,2
111,111,1.07918,0.6325,2
112,112,1.08539,0.62875,2
113,113,1.08282,0.6275,2
114,114,1.08095,0.62875,2
115,115,1.07775,0.635,2
116,116,1.07561,0.6325,2
117,117,1.08154,0.62875,2
118,118,1.07925,0.63125,2
119,119,1.07748,0.6375,2
120,120,1.07531,0.63375,2
121,121,1.08117,0.63,2
122,122,1.07357,0.63125,2
123,123,1.0705,0.6325,2
124,124,1.06777,0.63375,2
125,125,1.06629,0.64125,2
126,126,1.05918,0.64,2
127,127,1.05736,0.6375,2
128,128,1.05095,0.6375,2
129,129,1.04498,0.6375,2
130,130,1.03931,0.64,2
131,131,1.0343,0.64125,2
132,132,1.03231,0.64,2
133,133,1.03021,0.64125,2
134,134,1.02898,0.64375,2
135,135,1.02798,0.64,2
136,136,1.03234,0.64,2
137,137,1.02773,0.6425,2
138,138,1.02308,0.6425,2
139,139,1.02235,0.64375,2
140,140,1.02042,0.64125,2
141,141,1.02452,0.64,2
142,142,1.02047,0.6425,2
143,143,1.01988,0.645,2
144,144,1.01757,0.6425,2
145,145,1.01715,0.6425,2
146,146,1.0134,0.6425,2
147,147,1.01325,0.63875,2
148,148,1.01074,0.64375,2
149,149,1.0144,0.64125,2
150,150,1.0182,0.64,2
1,1,5.26774,0.25875,3
2,2,5.65708,0.27625,3
3,3,3.57664,0.28125,3
4,4,2.22363,0.405,3
5,5,2.23063,0.3475,3
6,6,1.94322,0.39,3
7,7,1.85147,0.41875,3
8,8,1.71097,0.445,3
9,9,1.63703,0.4525,3
10,10,1.63575,0.4625,3
11,11,1.65467,0.47625,3
12,12,1.57597,0.4875,3
13,13,1.50805,0.495,3
14,14,1.45772,0.49875,3
15,15,1.46203,0.50125,3
16,16,1.41322,0.50625,3
17,17,1.38458,0.51,3
18,18,1.35348,0.54125,3
19,19,1.32669,0.545,3
20,20,1.32747,0.52875,3
21,21,1.31378,0.52,3
22,22,1.32407,0.5175,3
23,23,1.33956,0.51375,3
24,24,1.30434,0.53375,3
25,25,1.31959,0.52,3
26,26,1.29196,0.55,3
27,27,1.30683,0.5375,3
28,28,1.28572,0.5575,3
29,29,1.3001,0.54875,3
30,30,1.28757,0.5525,3
31,31,1.27978,0.55625,3
32,32,1.26945,0.55375,3
33,33,1.28511,0.54,3
34,34,1.27915,0.53625,3
35,35,1.2567,0.5575,3
36,36,1.24117,0.585,3
37,37,1.25351,0.56875,3
38,38,1.24922,0.5725,3
39,39,1.22195,0.5825,3
40,40,1.21034,0.60125,3
41,41,1.20687,0.605,3
42,42,1.19689,0.61375,3
43,43,1.17604,0.6175,3
44,44,1.16772,0.62,3
45,45,1.17461,0.615,3
46,46,1.18309,0.60875,3
47,47,1.16504,0.61375,3
48,48,1.15888,0.60625,3
49,49,1.1538,0.61875,3
50,50,1.14894,0.61375,3
51,51,1.15695,0.605,3
52,52,1.16612,0.5975,3
53,53,1.1501,0.6075,3
54,54,1.13999,0.61625,3
55,55,1.14778,0.61125,3
56,56,1.13941,0.6225,3
57,57,1.14701,0.6125,3
58,58,1.14285,0.6125,3
59,59,1.12993,0.62,3
60,60,1.12765,0.62,3
61,61,1.11713,0.62375,3
62,62,1.11111,0.63375,3
63,63,1.10698,0.63875,3
64,64,1.10411,0.63875,3
65,65,1.10264,0.645,3
66,66,1.0957,0.65125,3
67,67,1.09558,0.65375,3
68,68,1.09639,0.65,3
69,69,1.098,0.6475,3
70,70,1.09282,0.64625,3
71,71,1.08858,0.6475,3
72,72,1.09119,0.64625,3
73,73,1.08009,0.64625,3
74,74,1.0764,0.64375,3
75,75,1.07559,0.64875,3
76,76,1.0781,0.65,3
77,77,1.06814,0.6475,3
78,78,1.0646,0.64625,3
79,79,1.06183,0.64875,3
80,80,1.05894,0.6525,3
81,81,1.06147,0.64625,3
82,82,1.05973,0.64875,3
83,83,1.0628,0.6475,3
84,84,1.06014,0.65,3
85,85,1.0581,0.6475,3
86,86,1.05623,0.6525,3
87,87,1.05485,0.6525,3
88,88,1.0538,0.6575,3
89,89,1.05336,0.6625,3
90,90,1.05264,0.6625,3
91,91,1.05108,0.66125,3
92,92,1.05007,0.6625,3
93,93,1.04963,0.66125,3
94,94,1.03862,0.66375,3
95,95,1.03839,0.66625,3
96,96,1.03911,0.665,3
97,97,1.02896,0.66625,3
98,98,1.0278,0.6675,3
99,99,1.0277,0.6725,3
100,100,1.02805,0.6675,3
101,101,1.02796,0.66375,3
102,102,1.0285,0.6625,3
103,103,1.02879,0.6675,3
104,104,1.02945,0.66875,3
105,105,1.02813,0.67,3
106,106,1.02917,0.66875,3
107,107,1.02828,0.66625,3
108,108,1.02768,0.67125,3
109,109,1.02725,0.66625,3
110,110,1.02843,0.67,3
111,111,1.02816,0.67125,3
112,112,1.02751,0.67125,3
113,113,1.02727,0.66875,3
114,114,1.0273,0.6675,3
115,115,1.02766,0.66875,3
116,116,1.02889,0.6675,3
117,117,1.03036,0.66625,3
118,118,1.03202,0.66625,3
119,119,1.03394,0.6675,3
120,120,1.03296,0.67,3
121,121,1.0325,0.67125,3
122,122,1.03131,0.67,3
123,123,1.03181,0.66875,3
124,124,1.03257,0.6675,3
125,125,1.03133,0.66875,3
126,126,1.03303,0.6725,3
127,127,1.03491,0.67375,3
128,128,1.03701,0.67375,3
129,129,1.02557,0.6725,3
130,130,1.02618,0.6725,3
131,131,1.02702,0.6725,3
132,132,1.02577,0.6725,3
133,133,1.0247,0.67625,3
134,134,1.01417,0.67625,3
135,135,1.01492,0.67625,3
136,136,1.01382,0.675,3
137,137,1.01298,0.67625,3
138,138,1.01243,0.67625,3
139,139,1.01213,0.675,3
140,140,1.01243,0.67875,3
141,141,1.00316,0.67875,3
142,142,1.00203,0.68125,3
143,143,1.00358,0.68125,3
144,144,1.00258,0.68125,3
145,145,1.002,0.685,3
146,146,1.00156,0.68,3
147,147,1.00302,0.6825,3
148,148,1.0028,0.68,3
149,149,0.99432,0.68125,3
150,150,0.98622,0.6825,3
1,1,4.75611,0.23875,4
2,2,2.29249,0.28,4
3,3,2.25286,0.36625,4
4,4,2.24185,0.33,4
5,5,2.41238,0.29,4
6,6,2.59006,0.3225,4
7,7,2.19897,0.305,4
8,8,2.02216,0.425,4
9,9,2.11399,0.415,4
10,10,2.20993,0.3975,4
11,11,2.15289,0.43625,4
12,12,2.15306,0.45,4
13,13,2.07554,0.47125,4
14,14,1.90528,0.48,4
15,15,1.94266,0.475,4
16,16,1.89823,0.485,4
17,17,1.79305,0.4825,4
18,18,1.69583,0.49625,4
19,19,1.71577,0.49625,4
20,20,1.75344,0.49,4
21,21,1.79821,0.49,4
22,22,1.69667,0.5,4
23,23,1.68146,0.51,4
24,24,1.60202,0.52125,4
25,25,1.53854,0.53875,4
26,26,1.53223,0.54125,4
27,27,1.532,0.55125,4
28,28,1.5611,0.53875,4
29,29,1.50558,0.55,4
30,30,1.45545,0.555,4
31,31,1.48209,0.54625,4
32,32,1.48413,0.54875,4
33,33,1.44449,0.56,4
34,34,1.44528,0.56125,4
35,35,1.40948,0.56,4
36,36,1.37212,0.565,4
37,37,1.33973,0.57375,4
38,38,1.34501,0.56875,4
39,39,1.31877,0.5675,4
40,40,1.32548,0.565,4
41,41,1.33787,0.565,4
42,42,1.31241,0.57125,4
43,43,1.28775,0.58375,4
44,44,1.28405,0.5875,4
45,45,1.28267,0.58875,4
46,46,1.26006,0.58625,4
47,47,1.23898,0.59375,4
48,48,1.23832,0.59875,4
49,49,1.23934,0.59625,4
50,50,1.2499,0.59625,4
51,51,1.22938,0.59625,4
52,52,1.2099,0.6,4
53,53,1.21999,0.6,4
54,54,1.23103,0.59875,4
55,55,1.21269,0.5975,4
56,56,1.21398,0.6,4
57,57,1.1974,0.60375,4
58,58,1.19958,0.5975,4
59,59,1.21004,0.59875,4
60,60,1.21136,0.5975,4
61,61,1.19234,0.60375,4
62,62,1.17758,0.6075,4
63,63,1.17931,0.605,4
64,64,1.18166,0.60375,4
65,65,1.18485,0.605,4
66,66,1.18905,0.6025,4
67,67,1.17169,0.61125,4
68,68,1.18063,0.6075,4
69,69,1.19011,0.605,4
70,70,1.17333,0.60625,4
71,71,1.15833,0.61,4
72,72,1.15858,0.60625,4
73,73,1.14556,0.6125,4
74,74,1.14854,0.61125,4
75,75,1.15204,0.6125,4
76,76,1.13965,0.61125,4
77,77,1.14021,0.61375,4
78,78,1.14345,0.6125,4
79,79,1.15104,0.60875,4
80,80,1.1364,0.6125,4
81,81,1.12516,0.61625,4
82,82,1.126,0.62,4
83,83,1.11578,0.61875,4
84,84,1.12249,0.615,4
85,85,1.12953,0.61125,4
86,86,1.13199,0.61125,4
87,87,1.12222,0.61625,4
88,88,1.12489,0.62,4
89,89,1.12796,0.615,4
90,90,1.11438,0.62125,4
91,91,1.12108,0.615,4
92,92,1.12131,0.61625,4
93,93,1.12424,0.61875,4
94,94,1.11149,0.62375,4
95,95,1.11191,0.62125,4
96,96,1.10045,0.62625,4
97,97,1.10133,0.62375,4
98,98,1.10253,0.6225,4
99,99,1.09222,0.62875,4
100,100,1.08398,0.63,4
101,101,1.07483,0.62875,4
102,102,1.07645,0.63125,4
103,103,1.07792,0.63125,4
104,104,1.07045,0.63,4
105,105,1.07192,0.63375,4
106,106,1.07353,0.63125,4
107,107,1.07509,0.635,4
108,108,1.06788,0.63375,4
109,109,1.06123,0.63,4
110,110,1.06555,0.63375,4
111,111,1.05697,0.63,4
112,112,1.06131,0.635,4
113,113,1.05322,0.63125,4
114,114,1.05458,0.63625,4
115,115,1.04718,0.63375,4
116,116,1.04868,0.635,4
117,117,1.04216,0.6375,4
118,118,1.04624,0.6375,4
119,119,1.04008,0.63875,4
120,120,1.04418,0.635,4
121,121,1.04572,0.63625,4
122,122,1.03975,0.635,4
123,123,1.03421,0.63625,4
124,124,1.02909,0.63375,4
125,125,1.03045,0.6375,4
126,126,1.03203,0.635,4
127,127,1.03383,0.6325,4
128,128,1.03468,0.635,4
129,129,1.03574,0.6375,4
130,130,1.03949,0.63625,4
131,131,1.0412,0.6325,4
132,132,1.04312,0.63375,4
133,133,1.03513,0.635,4
134,134,1.02982,0.635,4
135,135,1.0317,0.63375,4
136,136,1.03253,0.635,4
137,137,1.03354,0.6325,4
138,138,1.03524,0.635,4
139,139,1.03879,0.63625,4
140,140,1.04075,0.63625,4
141,141,1.03305,0.63625,4
142,142,1.03663,0.63625,4
143,143,1.02929,0.63875,4
144,144,1.02406,0.635,4
145,145,1.01919,0.64125,4
146,146,1.02016,0.63625,4
147,147,1.01346,0.64,4
148,148,1.00904,0.6425,4
149,149,1.0049,0.64,4
150,150,0.99874,0.64,4
1,1,4.55622,0.1875,5
2,2,2.1187,0.32125,5
3,3,2.36297,0.35875,5
4,4,2.71457,0.3275,5
5,5,2.09953,0.37375,5
6,6,2.28909,0.36125,5
7,7,2.05819,0.38375,5
8,8,1.86532,0.42,5
9,9,1.96501,0.3925,5
10,10,2.07581,0.3925,5
11,11,1.9382,0.41,5
12,12,1.85267,0.45875,5
13,13,1.75515,0.5025,5
14,14,1.80972,0.47375,5
15,15,1.71654,0.51625,5
16,16,1.6553,0.5325,5
17,17,1.6242,0.5475,5
18,18,1.60609,0.555,5
19,19,1.55033,0.5725,5
20,20,1.51224,0.58,5
21,21,1.50905,0.58,5
22,22,1.48837,0.57,5
23,23,1.46282,0.57375,5
24,24,1.44429,0.5675,5
25,25,1.42949,0.5525,5
26,26,1.40475,0.56875,5
27,27,1.40577,0.575,5
28,28,1.38866,0.58125,5
29,29,1.37954,0.5875,5
30,30,1.37024,0.58375,5
31,31,1.35786,0.58625,5
32,32,1.34191,0.59625,5
33,33,1.33549,0.60125,5
34,34,1.32712,0.5975,5
35,35,1.32413,0.60125,5
36,36,1.32486,0.595,5
37,37,1.31801,0.59875,5
38,38,1.31436,0.60375,5
39,39,1.31267,0.61125,5
40,40,1.30802,0.60625,5
41,41,1.29974,0.5975,5
42,42,1.29914,0.6075,5
43,43,1.29677,0.6025,5
44,44,1.29694,0.60125,5
45,45,1.28192,0.61625,5
46,46,1.27777,0.61625,5
47,47,1.27812,0.6125,5
48,48,1.27123,0.6075,5
49,49,1.26803,0.6075,5
50,50,1.26573,0.6125,5
51,51,1.25335,0.62,5
52,52,1.25125,0.62,5
53,53,1.24075,0.6225,5
54,54,1.23526,0.61875,5
55,55,1.23457,0.62125,5
56,56,1.22621,0.62375,5
57,57,1.22434,0.6225,5
58,58,1.22456,0.62375,5
59,59,1.21754,0.625,5
60,60,1.21266,0.62375,5
61,61,1.20847,0.62375,5
62,62,1.20476,0.6275,5
63,63,1.20292,0.625,5
64,64,1.20196,0.62375,5
65,65,1.19821,0.6225,5
66,66,1.19178,0.61875,5
67,67,1.1916,0.62375,5
68,68,1.18586,0.62125,5
69,69,1.18201,0.625,5
70,70,1.17648,0.6275,5
71,71,1.17337,0.62125,5
72,72,1.16949,0.625,5
73,73,1.16782,0.6225,5
74,74,1.16801,0.62375,5
75,75,1.16514,0.62375,5
76,76,1.16562,0.62375,5
77,77,1.16408,0.62125,5
78,78,1.16142,0.62125,5
79,79,1.15737,0.62375,5
80,80,1.15627,0.6225,5
81,81,1.1526,0.62125,5
82,82,1.15184,0.6175,5
83,83,1.15193,0.62375,5
84,84,1.14872,0.62375,5
85,85,1.14628,0.6225,5
86,86,1.14211,0.62375,5
87,87,1.14268,0.62625,5
88,88,1.14043,0.6225,5
89,89,1.13928,0.625,5
90,90,1.1401,0.62625,5
91,91,1.13914,0.62625,5
92,92,1.13851,0.625,5
93,93,1.13623,0.6225,5
94,94,1.13578,0.62125,5
95,95,1.1337,0.62125,5
96,96,1.13451,0.6225,5
97,97,1.13011,0.62375,5
98,98,1.12622,0.62875,5
99,99,1.12424,0.6275,5
100,100,1.12375,0.6325,5
101,101,1.12077,0.6275,5
102,102,1.11729,0.63125,5
103,103,1.11786,0.63,5
104,104,1.11513,0.6275,5
105,105,1.11205,0.6325,5
106,106,1.11172,0.63375,5
107,107,1.1092,0.63125,5
108,108,1.10662,0.63125,5
109,109,1.10653,0.6325,5
110,110,1.10436,0.635,5
111,111,1.10449,0.63625,5
112,112,1.10211,0.635,5
113,113,1.10239,0.63625,5
114,114,1.10017,0.6375,5
115,115,1.1006,0.63875,5
116,116,1.10129,0.635,5
117,117,1.10219,0.63375,5
118,118,1.10174,0.635,5
119,119,1.10271,0.635,5
120,120,1.10383,0.63375,5
121,121,1.10143,0.635,5
122,122,1.09922,0.6325,5
123,123,1.10039,0.63125,5
124,124,1.09849,0.63125,5
125,125,1.09983,0.6325,5
126,126,1.10135,0.635,5
127,127,1.09914,0.63125,5
128,128,1.10072,0.63375,5
129,129,1.09978,0.63125,5
130,130,1.09812,0.63125,5
131,131,1.09732,0.63125,5
132,132,1.09515,0.6325,5
133,133,1.09656,0.63125,5
134,134,1.0934,0.63375,5
135,135,1.09492,0.635,5
136,136,1.0928,0.63375,5
137,137,1.09129,0.63375,5
138,138,1.08997,0.635,5
139,139,1.0869,0.63625,5
140,140,1.08416,0.63875,5
141,141,1.08566,0.64,5
142,142,1.0847,0.64125,5
143,143,1.08218,0.6425,5
144,144,1.08026,0.6375,5
145,145,1.07803,0.645,5
146,146,1.07726,0.64,5
147,147,1.07664,0.64,5
148,148,1.07508,0.6425,5
149,149,1.07366,0.6425,5
150,150,1.07244,0.6425,5
1,1,3.69405,0.21875,6
2,2,2.29423,0.28875,6
3,3,2.26077,0.325,6
4,4,2.40883,0.3225,6
5,5,2.58399,0.3125,6
6,6,2.17819,0.35125,6
7,7,2.02477,0.39625,6
8,8,1.83246,0.42375,6
9,9,1.90524,0.39875,6
10,10,1.98705,0.375,6
11,11,2.07163,0.35625,6
12,12,1.87789,0.3775,6
13,13,1.79438,0.4375,6
14,14,1.6817,0.4425,6
15,15,1.63208,0.48875,6
16,16,1.58169,0.52375,6
17,17,1.50287,0.55,6
18,18,1.44566,0.56625,6
19,19,1.48492,0.535,6
20,20,1.44229,0.54625,6
21,21,1.41107,0.57375,6
22,22,1.37396,0.59625,6
23,23,1.35809,0.61375,6
24,24,1.38644,0.59875,6
25,25,1.33584,0.62125,6
26,26,1.315,0.62625,6
27,27,1.27738,0.6225,6
28,28,1.3004,0.6175,6
29,29,1.28986,0.63,6
30,30,1.28378,0.63,6
31,31,1.2687,0.64125,6
32,32,1.23435,0.64,6
33,33,1.22331,0.65125,6
34,34,1.19431,0.64625,6
35,35,1.18696,0.6525,6
36,36,1.16486,0.66,6
37,37,1.16124,0.6625,6
38,38,1.17422,0.66,6
39,39,1.17233,0.66375,6
40,40,1.18541,0.65375,6
41,41,1.15955,0.65375,6
42,42,1.13833,0.66,6
43,43,1.1318,0.66125,6
44,44,1.11337,0.6575,6
45,45,1.10858,0.66125,6
46,46,1.1057,0.66625,6
47,47,1.08908,0.66625,6
48,48,1.08714,0.6675,6
49,49,1.08657,0.66875,6
50,50,1.07085,0.67,6
51,51,1.07096,0.66875,6
52,52,1.05732,0.66875,6
53,53,1.05898,0.66875,6
54,54,1.06186,0.66875,6
55,55,1.06849,0.6675,6
56,56,1.06435,0.6725,6
57,57,1.05174,0.67375,6
58,58,1.03621,0.6725,6
59,59,1.04266,0.67125,6
60,60,1.02949,0.675,6
61,61,1.01838,0.6725,6
62,62,1.01462,0.67875,6
63,63,1.0049,0.68,6
64,64,0.99512,0.68375,6
65,65,1.00095,0.68,6
66,66,0.99794,0.68375,6
67,67,0.98957,0.685,6
68,68,0.98267,0.68625,6
69,69,0.98128,0.6825,6
70,70,0.97856,0.69,6
71,71,0.97076,0.69,6
72,72,0.97568,0.685,6
73,73,0.96913,0.6875,6
74,74,0.96698,0.69,6
75,75,0.9603,0.695,6
76,76,0.96494,0.69375,6
77,77,0.95919,0.69125,6
78,78,0.95457,0.695,6
79,79,0.94845,0.695,6
80,80,0.94465,0.69625,6
81,81,0.94884,0.695,6
82,82,0.94587,0.69625,6
83,83,0.94372,0.69875,6
84,84,0.94041,0.69875,6
85,85,0.93733,0.7,6
86,86,0.93216,0.70125,6
87,87,0.93581,0.695,6
88,88,0.9313,0.69875,6
89,89,0.92879,0.7,6
90,90,0.92486,0.70375,6
91,91,0.92204,0.7075,6
92,92,0.91978,0.7025,6
93,93,0.91763,0.70625,6
94,94,0.91607,0.70625,6
95,95,0.91274,0.70625,6
96,96,0.91008,0.705,6
97,97,0.90898,0.70125,6
98,98,0.90679,0.69875,6
99,99,0.90326,0.70375,6
100,100,0.90033,0.70375,6
101,101,0.90273,0.7025,6
102,102,0.90085,0.70625,6
103,103,0.89945,0.70875,6
104,104,0.9019,0.70875,6
105,105,0.90091,0.7075,6
106,106,0.89908,0.70375,6
107,107,0.89763,0.70625,6
108,108,0.89632,0.705,6
109,109,0.89278,0.71,6
110,110,0.88979,0.71125,6
111,111,0.8873,0.715,6
112,112,0.88576,0.7125,6
113,113,0.88459,0.71625,6
114,114,0.88354,0.715,6
115,115,0.88276,0.71375,6
116,116,0.8821,0.71125,6
117,117,0.88178,0.71125,6
118,118,0.88141,0.71125,6
119,119,0.88132,0.7075,6
120,120,0.88302,0.70875,6
121,121,0.88317,0.7075,6
122,122,0.88156,0.7075,6
123,123,0.87769,0.71,6
124,124,0.87935,0.71,6
125,125,0.87801,0.7075,6
126,126,0.87777,0.7075,6
127,127,0.87942,0.70625,6
128,128,0.87829,0.70375,6
129,129,0.87831,0.705,6
130,130,0.87447,0.7075,6
131,131,0.87359,0.70625,6
132,132,0.87302,0.7025,6
133,133,0.87283,0.70375,6
134,134,0.87424,0.70375,6
135,135,0.87432,0.70375,6
136,136,0.87464,0.70875,6
137,137,0.87518,0.70625,6
138,138,0.8711,0.70875,6
139,139,0.87245,0.70875,6
140,140,0.87302,0.70625,6
141,141,0.87257,0.70875,6
142,142,0.8687,0.71,6
143,143,0.87002,0.71125,6
144,144,0.87147,0.7125,6
145,145,0.87203,0.70625,6
146,146,0.87162,0.7075,6
147,147,0.87116,0.70875,6
148,148,0.86736,0.71125,6
149,149,0.8639,0.71,6
150,150,0.86361,0.71,6
1,1,4.86595,0.2575,7
2,2,2.77723,0.305,7
3,3,2.1937,0.37375,7
4,4,1.86797,0.3925,7
5,5,1.7095,0.35875,7
6,6,1.64329,0.44625,7
7,7,1.66143,0.45625,7
8,8,1.54658,0.47375,7
9,9,1.58913,0.44875,7
10,10,1.59205,0.4375,7
11,11,1.53168,0.47875,7
12,12,1.55334,0.48125,7
13,13,1.51752,0.5175,7
14,14,1.44097,0.52625,7
15,15,1.43639,0.54375,7
16,16,1.37099,0.57125,7
17,17,1.38856,0.5575,7
18,18,1.39082,0.565,7
19,19,1.34964,0.57375,7
20,20,1.36505,0.57125,7
21,21,1.32452,0.565,7
22,22,1.29865,0.5675,7
23,23,1.27071,0.56,7
24,24,1.28383,0.5525,7
25,25,1.26534,0.56875,7
26,26,1.2478,0.575,7
27,27,1.26097,0.56375,7
28,28,1.24568,0.5775,7
29,29,1.23181,0.58625,7
30,30,1.21032,0.5775,7
31,31,1.22221,0.57625,7
32,32,1.22121,0.5725,7
33,33,1.23321,0.56625,7
34,34,1.24682,0.5625,7
35,35,1.26176,0.55625,7
36,36,1.27781,0.55375,7
37,37,1.27533,0.5575,7
38,38,1.26286,0.56625,7
39,39,1.27779,0.56,7
40,40,1.26847,0.575,7
41,41,1.26209,0.57625,7
42,42,1.25857,0.575,7
43,43,1.23627,0.5775,7
44,44,1.23456,0.57875,7
45,45,1.21249,0.585,7
46,46,1.21206,0.5825,7
47,47,1.22304,0.57875,7
48,48,1.20393,0.58625,7
49,49,1.20444,0.585,7
50,50,1.18483,0.5875,7
51,51,1.16833,0.59625,7
52,52,1.16895,0.59375,7
53,53,1.16763,0.5975,7
54,54,1.16814,0.59375,7
55,55,1.17566,0.5925,7
56,56,1.17685,0.59,7
57,57,1.16162,0.5975,7
58,58,1.16277,0.59875,7
59,59,1.16578,0.60375,7
60,60,1.1533,0.61,7
61,61,1.15358,0.6075,7
62,62,1.14244,0.61375,7
63,63,1.14326,0.61,7
64,64,1.13328,0.62,7
65,65,1.13646,0.6175,7
66,66,1.14056,0.61625,7
67,67,1.14519,0.6125,7
68,68,1.13175,0.615,7
69,69,1.13523,0.61375,7
70,70,1.12297,0.61625,7
71,71,1.11459,0.61875,7
72,72,1.1192,0.61875,7
73,73,1.12469,0.615,7
74,74,1.12812,0.61625,7
75,75,1.12047,0.61875,7
76,76,1.10982,0.61875,7
77,77,1.10333,0.62375,7
78,78,1.09777,0.62375,7
79,79,1.09302,0.62625,7
80,80,1.09575,0.6275,7
81,81,1.10051,0.62375,7
82,82,1.1033,0.61875,7
83,83,1.10081,0.6225,7
84,84,1.10577,0.625,7
85,85,1.10071,0.6225,7
86,86,1.10335,0.6225,7
87,87,1.10111,0.625,7
88,88,1.09162,0.6275,7
89,89,1.08696,0.6275,7
90,90,1.0851,0.62875,7
91,91,1.08082,0.63125,7
92,92,1.07923,0.6325,7
93,93,1.07059,0.63625,7
94,94,1.06276,0.635,7
95,95,1.06676,0.63375,7
96,96,1.0626,0.63375,7
97,97,1.05558,0.63625,7
98,98,1.05397,0.63625,7
99,99,1.05281,0.6375,7
100,100,1.05207,0.63875,7
101,101,1.056,0.64125,7
102,102,1.05754,0.64,7
103,103,1.05708,0.63875,7
104,104,1.06096,0.63625,7
105,105,1.054,0.63875,7
106,106,1.04746,0.64125,7
107,107,1.05165,0.6375,7
108,108,1.0562,0.635,7
109,109,1.05743,0.6375,7
110,110,1.05123,0.63375,7
111,111,1.04658,0.635,7
112,112,1.04578,0.64,7
113,113,1.04529,0.64125,7
114,114,1.03939,0.64,7
115,115,1.04062,0.64,7
116,116,1.042,0.63875,7
117,117,1.04166,0.6375,7
118,118,1.03695,0.6425,7
119,119,1.03262,0.64375,7
120,120,1.02867,0.645,7
121,121,1.02993,0.64625,7
122,122,1.02944,0.645,7
123,123,1.02423,0.645,7
124,124,1.02047,0.645,7
125,125,1.02176,0.645,7
126,126,1.01691,0.645,7
127,127,1.01234,0.64375,7
128,128,1.01175,0.6475,7
129,129,1.01313,0.6475,7
130,130,1.01278,0.6425,7
131,131,1.00846,0.64625,7
132,132,1.00994,0.64625,7
133,133,1.00972,0.6425,7
134,134,1.01131,0.6425,7
135,135,1.01304,0.64125,7
136,136,1.00892,0.6425,7
137,137,1.00508,0.64,7
138,138,1.00149,0.645,7
139,139,1.00321,0.6425,7
140,140,1.00545,0.64125,7
141,141,1.00517,0.63875,7
142,142,1.00165,0.6425,7
143,143,0.9985,0.64375,7
144,144,0.99825,0.6425,7
145,145,0.99506,0.6425,7
146,146,0.9921,0.64125,7
147,147,0.98942,0.64,7
148,148,0.99155,0.64375,7
149,149,0.9912,0.64375,7
150,150,0.99104,0.645,7
1,1,3.97337,0.26125,8
2,2,4.28051,0.35125,8
3,3,2.88418,0.4375,8
4,4,2.15788,0.425,8
5,5,1.63435,0.46125,8
6,6,1.7,0.45625,8
7,7,1.59174,0.45375,8
8,8,1.49616,0.4825,8
9,9,1.52301,0.48,8
10,10,1.48243,0.50625,8
11,11,1.4704,0.51875,8
12,12,1.43643,0.5075,8
13,13,1.41442,0.51625,8
14,14,1.4194,0.5225,8
15,15,1.41879,0.52875,8
16,16,1.43511,0.53375,8
17,17,1.46403,0.515,8
18,18,1.50202,0.49875,8
19,19,1.4495,0.51625,8
20,20,1.43507,0.525,8
21,21,1.43473,0.5325,8
22,22,1.46145,0.52125,8
23,23,1.43349,0.54625,8
24,24,1.43776,0.5475,8
25,25,1.38534,0.56625,8
26,26,1.40738,0.5575,8
27,27,1.38707,0.5675,8
28,28,1.3919,0.57375,8
29,29,1.35776,0.57875,8
30,30,1.36428,0.58125,8
31,31,1.35149,0.59125,8
32,32,1.36121,0.5975,8
33,33,1.32238,0.59875,8
34,34,1.33316,0.60125,8
35,35,1.34159,0.59375,8
36,36,1.33234,0.60125,8
37,37,1.34287,0.6075,8
38,38,1.32197,0.615,8
39,39,1.32954,0.6,8
40,40,1.30592,0.605,8
41,41,1.29714,0.61,8
42,42,1.30539,0.61625,8
43,43,1.28512,0.61625,8
44,44,1.27834,0.6225,8
45,45,1.28536,0.61875,8
46,46,1.29256,0.6225,8
47,47,1.30083,0.62375,8
48,48,1.29466,0.63,8
49,49,1.26765,0.63125,8
50,50,1.27617,0.62875,8
51,51,1.2582,0.63625,8
52,52,1.25391,0.6375,8
53,53,1.24057,0.64,8
54,54,1.21854,0.6375,8
55,55,1.22281,0.63875,8
56,56,1.21302,0.635,8
57,57,1.20922,0.635,8
58,58,1.2149,0.64,8
59,59,1.20592,0.63875,8
60,60,1.21034,0.635,8
61,61,1.20307,0.63125,8
62,62,1.18481,0.63,8
63,63,1.17868,0.6275,8
64,64,1.18266,0.63125,8
65,65,1.1663,0.63375,8
66,66,1.16292,0.6375,8
67,67,1.14837,0.64,8
68,68,1.15209,0.63625,8
69,69,1.1469,0.63375,8
70,70,1.13374,0.64,8
71,71,1.13783,0.63375,8
72,72,1.12579,0.63125,8
73,73,1.12273,0.63625,8
74,74,1.12039,0.64,8
75,75,1.1161,0.64125,8
76,76,1.11814,0.64,8
77,77,1.10755,0.64375,8
78,78,1.10316,0.64125,8
79,79,1.10516,0.6425,8
80,80,1.10838,0.64375,8
81,81,1.10454,0.63875,8
82,82,1.10646,0.64125,8
83,83,1.10882,0.6425,8
84,84,1.09854,0.6425,8
85,85,1.09627,0.645,8
86,86,1.09915,0.64875,8
87,87,1.08981,0.6475,8
88,88,1.09286,0.6425,8
89,89,1.0908,0.6475,8
90,90,1.08702,0.64375,8
91,91,1.09028,0.63625,8
92,92,1.0816,0.64,8
93,93,1.07972,0.64375,8
94,94,1.07206,0.63875,8
95,95,1.0751,0.64,8
96,96,1.07351,0.63875,8
97,97,1.06653,0.64,8
98,98,1.06762,0.64375,8
99,99,1.06903,0.64625,8
100,100,1.07177,0.645,8
101,101,1.07488,0.64375,8
102,102,1.07825,0.635,8
103,103,1.07466,0.6375,8
104,104,1.07829,0.6375,8
105,105,1.08217,0.63375,8
106,106,1.07472,0.63375,8
107,107,1.07265,0.635,8
108,108,1.07644,0.63125,8
109,109,1.0745,0.6325,8
110,110,1.07839,0.6325,8
111,111,1.07516,0.63375,8
112,112,1.07333,0.63375,8
113,113,1.07377,0.63625,8
114,114,1.06689,0.63875,8
115,115,1.06049,0.6375,8
116,116,1.05759,0.6375,8
117,117,1.0517,0.63625,8
118,118,1.05026,0.63875,8
119,119,1.05066,0.6425,8
120,120,1.0513,0.64375,8
121,121,1.05217,0.645,8
122,122,1.04921,0.64625,8
123,123,1.04794,0.64875,8
124,124,1.05074,0.6425,8
125,125,1.0537,0.645,8
126,126,1.0479,0.6425,8
127,127,1.04257,0.64125,8
128,128,1.04136,0.6475,8
129,129,1.04033,0.65,8
130,130,1.03756,0.65,8
131,131,1.03508,0.6475,8
132,132,1.03555,0.64875,8
133,133,1.03461,0.6525,8
134,134,1.03711,0.64875,8
135,135,1.03214,0.65125,8
136,136,1.02985,0.6475,8
137,137,1.03244,0.64625,8
138,138,1.03145,0.6475,8
139,139,1.02671,0.64875,8
140,140,1.02592,0.65,8
141,141,1.02529,0.6475,8
142,142,1.02105,0.64875,8
143,143,1.02329,0.64625,8
144,144,1.02099,0.64625,8
145,145,1.02039,0.6475,8
146,146,1.01639,0.64625,8
147,147,1.01595,0.64625,8
148,148,1.01605,0.64875,8
149,149,1.01234,0.65,8
150,150,1.01432,0.6475,8
1,1,7.22663,0.21875,9
2,2,2.25748,0.39,9
3,3,2.5092,0.3425,9
4,4,1.97221,0.38875,9
5,5,1.73407,0.4325,9
6,6,1.83917,0.3875,9
7,7,1.63453,0.42875,9
8,8,1.55035,0.49625,9
9,9,1.52093,0.4875,9
10,10,1.47715,0.50375,9
11,11,1.52789,0.4575,9
12,12,1.51982,0.44625,9
13,13,1.44046,0.48375,9
14,14,1.49159,0.47625,9
15,15,1.41891,0.50125,9
16,16,1.36594,0.53625,9
17,17,1.36984,0.5225,9
18,18,1.32631,0.55375,9
19,19,1.29143,0.58125,9
20,20,1.29978,0.56,9
21,21,1.24882,0.5675,9
22,22,1.22195,0.57875,9
23,23,1.25039,0.56625,9
24,24,1.23005,0.5775,9
25,25,1.18981,0.5875,9
26,26,1.21564,0.5775,9
27,27,1.24452,0.5625,9
28,28,1.22768,0.56875,9
29,29,1.25718,0.56375,9
30,30,1.21532,0.58,9
31,31,1.18839,0.59625,9
32,32,1.16241,0.61,9
33,33,1.14564,0.61125,9
34,34,1.13192,0.61375,9
35,35,1.12121,0.63,9
36,36,1.13843,0.61875,9
37,37,1.15721,0.605,9
38,38,1.13674,0.62125,9
39,39,1.1253,0.61125,9
40,40,1.14367,0.6075,9
41,41,1.12607,0.6175,9
42,42,1.11721,0.6075,9
43,43,1.13498,0.6025,9
44,44,1.12783,0.605,9
45,45,1.11368,0.60875,9
46,46,1.10878,0.615,9
47,47,1.10309,0.6125,9
48,48,1.09208,0.61875,9
49,49,1.07572,0.625,9
50,50,1.06223,0.62875,9
51,51,1.07562,0.6225,9
52,52,1.07163,0.62125,9
53,53,1.06176,0.63625,9
54,54,1.05356,0.64875,9
55,55,1.04879,0.64375,9
56,56,1.06108,0.64,9
57,57,1.07384,0.63625,9
58,58,1.06966,0.6325,9
59,59,1.08245,0.6275,9
60,60,1.07437,0.635,9
61,61,1.07095,0.63125,9
62,62,1.05652,0.64125,9
63,63,1.05286,0.6375,9
64,64,1.04641,0.645,9
65,65,1.0435,0.64375,9
66,66,1.0313,0.6475,9
67,67,1.02845,0.65125,9
68,68,1.02303,0.6525,9
69,69,1.01851,0.6575,9
70,70,1.01509,0.6575,9
71,71,1.00443,0.66875,9
72,72,0.99505,0.66625,9
73,73,0.99223,0.66875,9
74,74,0.98958,0.66875,9
75,75,0.98696,0.675,9
76,76,0.98527,0.67125,9
77,77,0.98283,0.67,9
78,78,0.98183,0.66875,9
79,79,0.98149,0.66875,9
80,80,0.97239,0.67,9
81,81,0.97011,0.6625,9
82,82,0.96757,0.67375,9
83,83,0.96751,0.6725,9
84,84,0.96553,0.665,9
85,85,0.96591,0.66625,9
86,86,0.95722,0.66875,9
87,87,0.95504,0.6775,9
88,88,0.95347,0.68125,9
89,89,0.94576,0.6925,9
90,90,0.94379,0.69,9
91,91,0.93714,0.69,9
92,92,0.93545,0.685,9
93,93,0.93422,0.68,9
94,94,0.93284,0.6825,9
95,95,0.9318,0.68125,9
96,96,0.93064,0.6825,9
97,97,0.92426,0.6875,9
98,98,0.9234,0.68125,9
99,99,0.92287,0.67875,9
100,100,0.91668,0.68125,9
101,101,0.92081,0.6775,9
102,102,0.91966,0.67875,9
103,103,0.91398,0.69,9
104,104,0.90896,0.68875,9
105,105,0.90825,0.6825,9
106,106,0.90377,0.69,9
107,107,0.9027,0.69375,9
108,108,0.90191,0.6925,9
109,109,0.90147,0.7,9
110,110,0.90135,0.69625,9
111,111,0.89986,0.69875,9
112,112,0.89572,0.6975,9
113,113,0.8988,0.695,9
114,114,0.89472,0.69625,9
115,115,0.89371,0.6975,9
116,116,0.89681,0.69625,9
117,117,0.89596,0.69125,9
118,118,0.8992,0.69,9
119,119,0.8989,0.695,9
120,120,0.89509,0.6975,9
121,121,0.8943,0.6925,9
122,122,0.89072,0.69625,9
123,123,0.89032,0.6975,9
124,124,0.89018,0.69875,9
125,125,0.89304,0.6975,9
126,126,0.89229,0.6975,9
127,127,0.89226,0.69625,9
128,128,0.89515,0.695,9
129,129,0.89137,0.7,9
130,130,0.88971,0.695,9
131,131,0.88648,0.69625,9
132,132,0.88509,0.69875,9
133,133,0.8821,0.69875,9
134,134,0.87925,0.705,9
135,135,0.87677,0.705,9
136,136,0.87576,0.70625,9
137,137,0.87837,0.705,9
138,138,0.87792,0.70375,9
139,139,0.8806,0.705,9
140,140,0.87973,0.70375,9
141,141,0.87941,0.70125,9
142,142,0.87673,0.70375,9
143,143,0.87936,0.705,9
144,144,0.87683,0.70875,9
145,145,0.87467,0.70875,9
146,146,0.87372,0.70875,9
147,147,0.87221,0.71,9
148,148,0.87176,0.7075,9
149,149,0.87156,0.7075,9
150,150,0.87028,0.7075,9
1,1,3.63332,0.275,10
2,2,2.44767,0.38875,10
3,3,2.81646,0.34375,10
4,4,2.52692,0.4175,10
5,5,2.52217,0.4425,10
6,6,2.11947,0.46,10
7,7,1.9866,0.4825,10
8,8,2.01356,0.51625,10
9,9,1.90956,0.51375,10
10,10,1.96048,0.5025,10
11,11,2.01715,0.48875,10
12,12,1.98391,0.48,10
13,13,1.97546,0.4725,10
14,14,2.01768,0.4725,10
15,15,1.86939,0.48,10
16,16,1.87556,0.47625,10
17,17,1.7954,0.4875,10
18,18,1.76649,0.505,10
19,19,1.67657,0.51125,10
20,20,1.62854,0.5125,10
21,21,1.59007,0.51625,10
22,22,1.59756,0.51125,10
23,23,1.567,0.52125,10
24,24,1.54493,0.5375,10
25,25,1.48816,0.53875,10
26,26,1.49647,0.5375,10
27,27,1.5074,0.53375,10
28,28,1.45991,0.53375,10
29,29,1.44372,0.54375,10
30,30,1.43469,0.55125,10
31,31,1.42411,0.5525,10
32,32,1.41789,0.55875,10
33,33,1.42274,0.5575,10
34,34,1.42412,0.5575,10
35,35,1.38702,0.5575,10
36,36,1.35425,0.5575,10
37,37,1.32491,0.55625,10
38,38,1.31931,0.56375,10
39,39,1.31676,0.56375,10
40,40,1.31832,0.5625,10
41,41,1.31663,0.5625,10
42,42,1.31301,0.56375,10
43,43,1.28849,0.56625,10
44,44,1.28677,0.5675,10
45,45,1.26451,0.57,10
46,46,1.26518,0.57125,10
47,47,1.26387,0.5725,10
48,48,1.26107,0.575,10
49,49,1.25901,0.57875,10
50,50,1.25754,0.58,10
51,51,1.25596,0.58,10
52,52,1.25417,0.5775,10
53,53,1.25543,0.58125,10
54,54,1.23596,0.5925,10
55,55,1.23468,0.58875,10
56,56,1.23406,0.5925,10
57,57,1.23202,0.59625,10
58,58,1.23422,0.595,10
59,59,1.23201,0.5925,10
60,60,1.21476,0.59625,10
61,61,1.19922,0.60375,10
62,62,1.19612,0.59875,10
63,63,1.19442,0.595,10
64,64,1.19353,0.5975,10
65,65,1.19184,0.595,10
66,66,1.17726,0.59875,10
67,67,1.17705,0.59875,10
68,68,1.17757,0.59875,10
69,69,1.17614,0.60375,10
70,70,1.163,0.6075,10
71,71,1.16119,0.60625,10
72,72,1.16142,0.59875,10
73,73,1.16257,0.60125,10
74,74,1.16124,0.605,10
75,75,1.1617,0.60375,10
76,76,1.16049,0.61125,10
77,77,1.14825,0.61625,10
78,78,1.14746,0.61875,10
79,79,1.1494,0.62,10
80,80,1.14892,0.62125,10
81,81,1.13794,0.625,10
82,82,1.12783,0.62875,10
83,83,1.11864,0.635,10
84,84,1.1212,0.63125,10
85,85,1.11933,0.63,10
86,86,1.11903,0.63,10
87,87,1.11655,0.62875,10
88,88,1.11903,0.62625,10
89,89,1.11856,0.62875,10
90,90,1.11829,0.625,10
91,91,1.11809,0.62375,10
92,92,1.11569,0.625,10
93,93,1.10688,0.6325,10
94,94,1.10661,0.63375,10
95,95,1.10653,0.63,10
96,96,1.10631,0.63,10
97,97,1.1088,0.62875,10
98,98,1.10637,0.63,10
99,99,1.109,0.62875,10
100,100,1.10073,0.6325,10
101,101,1.10068,0.63125,10
102,102,1.10356,0.63125,10
103,103,1.10371,0.63,10
104,104,1.10123,0.62875,10
105,105,1.10408,0.6275,10
106,106,1.10175,0.6275,10
107,107,1.10217,0.63,10
108,108,1.10173,0.63125,10
109,109,1.09973,0.62875,10
110,110,1.09937,0.63,10
111,111,1.10199,0.63125,10
112,112,1.10491,0.62875,10
113,113,1.10483,0.6275,10
114,114,1.1051,0.62625,10
115,115,1.10289,0.62875,10
116,116,1.10586,0.6275,10
117,117,1.10913,0.62625,10
118,118,1.10885,0.6275,10
119,119,1.10076,0.6325,10
120,120,1.10059,0.63375,10
121,121,1.10048,0.6325,10
122,122,1.10046,0.6275,10
123,123,1.10061,0.63,10
124,124,1.09314,0.6325,10
125,125,1.09344,0.635,10
126,126,1.09679,0.6325,10
127,127,1.09613,0.63125,10
128,128,1.0996,0.62875,10
129,129,1.09991,0.63,10
130,130,1.10031,0.63375,10
131,131,1.09324,0.63625,10
132,132,1.09379,0.635,10
133,133,1.09447,0.63375,10
134,134,1.09357,0.63625,10
135,135,1.09427,0.63625,10
136,136,1.09508,0.635,10
137,137,1.09424,0.63875,10
138,138,1.08752,0.64,10
139,139,1.08691,0.64,10
140,140,1.08654,0.64,10
141,141,1.08713,0.64,10
142,142,1.08692,0.64,10
143,143,1.08402,0.64125,10
144,144,1.08131,0.64125,10
145,145,1.07884,0.64125,10
146,146,1.07939,0.64375,10
147,147,1.08002,0.6425,10
148,148,1.0737,0.645,10
149,149,1.07362,0.64375,10
150,150,1.07609,0.6425,10