repetition,accuracy_after,accuracy_before,accuracy_drop,bias_loss,loss_after,loss_before,penalty_fn,staleness_factor,staleness_gap
1,0.65,0.6525,0.0025,7.6e-4,1.0768,1.07604,hyperbolic,1.0,0
1,0.65,0.6525,0.0025,7.6e-4,1.0768,1.07604,exponential_05,1.0,0
1,0.65,0.6525,0.0025,7.6e-4,1.0768,1.07604,exponential_01,1.0,0
1,0.65,0.6525,0.0025,7.6e-4,1.0768,1.07604,no_penalty,1.0,0
1,0.6475,0.64375,-0.00375,0.0,1.07354,1.07354,hyperbolic,0.5,1
1,0.645,0.64375,-0.00125,3.0e-5,1.07357,1.07354,exponential_05,0.60653,1
1,0.64625,0.64375,-0.0025,1.8e-4,1.07372,1.07354,exponential_01,0.90484,1
1,0.645,0.64375,-0.00125,2.5e-4,1.07379,1.07354,no_penalty,1.0,1
1,0.64625,0.64625,0.0,-0.0002,1.07167,1.07186,hyperbolic,0.33333,2
1,0.64625,0.64625,0.0,-2.1e-4,1.07165,1.07186,exponential_05,0.36788,2
1,0.645,0.64625,0.00125,-0.0003,1.07157,1.07186,exponential_01,0.81873,2
1,0.64375,0.64625,0.0025,-2.7e-4,1.07159,1.07186,no_penalty,1.0,2
1,0.64875,0.64875,0.0,-1.2e-4,1.06687,1.06699,hyperbolic,0.25,3
1,0.64875,0.64875,0.0,-1.1e-4,1.06688,1.06699,exponential_05,0.22313,3
1,0.64625,0.64875,0.0025,-0.0002,1.06679,1.06699,exponential_01,0.74082,3
1,0.64625,0.64875,0.0025,-1.5e-4,1.06684,1.06699,no_penalty,1.0,3
1,0.645,0.64625,0.00125,-1.7e-4,1.06448,1.06465,hyperbolic,0.16667,5
1,0.645,0.64625,0.00125,-9.0e-5,1.06457,1.06465,exponential_05,0.08208,5
1,0.64625,0.64625,0.0,-0.0005,1.06415,1.06465,exponential_01,0.60653,5
1,0.65,0.64625,-0.00375,-6.5e-4,1.064,1.06465,no_penalty,1.0,5
1,0.65375,0.65375,0.0,-1.5e-4,1.05881,1.05896,hyperbolic,0.11111,8
1,0.65375,0.65375,0.0,-3.0e-5,1.05894,1.05896,exponential_05,0.01832,8
1,0.6525,0.65375,0.00125,-5.4e-4,1.05842,1.05896,exponential_01,0.44933,8
1,0.65125,0.65375,0.0025,-9.9e-4,1.05798,1.05896,no_penalty,1.0,8
1,0.65875,0.65875,0.0,-1.3e-4,1.05469,1.05482,hyperbolic,0.09091,10
1,0.65875,0.65875,0.0,-1.0e-5,1.05481,1.05482,exponential_05,0.00674,10
1,0.65875,0.65875,0.0,-4.8e-4,1.05434,1.05482,exponential_01,0.36788,10
1,0.6575,0.65875,0.00125,-0.00104,1.05378,1.05482,no_penalty,1.0,10
1,0.655,0.655,0.0,-1.6e-4,1.05178,1.05194,hyperbolic,0.0625,15
1,0.655,0.655,0.0,-0.0,1.05194,1.05194,exponential_05,5.5e-4,15
1,0.65375,0.655,0.00125,-5.7e-4,1.05137,1.05194,exponential_01,0.22313,15
1,0.655,0.655,0.0,-0.00227,1.04967,1.05194,no_penalty,1.0,15
1,0.6575,0.6575,0.0,-1.4e-4,1.04495,1.04508,hyperbolic,0.04762,20
1,0.6575,0.6575,0.0,-0.0,1.04508,1.04508,exponential_05,5.0e-5,20
1,0.6575,0.6575,0.0,-3.8e-4,1.0447,1.04508,exponential_01,0.13534,20
1,0.65625,0.6575,0.00125,-0.00256,1.04252,1.04508,no_penalty,1.0,20
2,0.64375,0.6525,0.00875,-0.0025,1.07354,1.07604,hyperbolic,1.0,0
2,0.64375,0.6525,0.00875,-0.0025,1.07354,1.07604,exponential_05,1.0,0
2,0.64375,0.6525,0.00875,-0.0025,1.07354,1.07604,exponential_01,1.0,0
2,0.64375,0.6525,0.00875,-0.0025,1.07354,1.07604,no_penalty,1.0,0
2,0.65,0.65,0.0,-0.00164,1.07516,1.0768,hyperbolic,0.5,1
2,0.6475,0.65,0.0025,-0.00196,1.07484,1.0768,exponential_05,0.60653,1
2,0.645,0.65,0.005,-0.00277,1.07403,1.0768,exponential_01,0.90484,1
2,0.645,0.65,0.005,-0.00301,1.07379,1.0768,no_penalty,1.0,1
2,0.65125,0.65125,0.0,-0.0011,1.07407,1.07517,hyperbolic,0.33333,2
2,0.65,0.65125,0.00125,-0.00121,1.07396,1.07517,exponential_05,0.36788,2
2,0.64625,0.65125,0.005,-0.0025,1.07267,1.07517,exponential_01,0.81873,2
2,0.64875,0.65125,0.0025,-0.00295,1.07222,1.07517,no_penalty,1.0,2
2,0.6475,0.6475,0.0,-8.7e-4,1.07341,1.07428,hyperbolic,0.25,3
2,0.6475,0.6475,0.0,-7.8e-4,1.0735,1.07428,exponential_05,0.22313,3
2,0.645,0.6475,0.0025,-0.0024,1.07188,1.07428,exponential_01,0.74082,3
2,0.6475,0.6475,0.0,-0.00311,1.07117,1.07428,no_penalty,1.0,3
2,0.64875,0.6475,-0.00125,-5.8e-4,1.07256,1.07315,hyperbolic,0.16667,5
2,0.6475,0.6475,0.0,-2.9e-4,1.07286,1.07315,exponential_05,0.08208,5
2,0.64625,0.6475,0.00125,-0.00197,1.07117,1.07315,exponential_01,0.60653,5
2,0.64375,0.6475,0.00375,-0.00306,1.07008,1.07315,no_penalty,1.0,5
2,0.64875,0.64875,0.0,-4.7e-4,1.07331,1.07378,hyperbolic,0.11111,8
2,0.64875,0.64875,0.0,-8.0e-5,1.0737,1.07378,exponential_05,0.01832,8
2,0.65,0.64875,-0.00125,-0.00183,1.07195,1.07378,exponential_01,0.44933,8
2,0.64875,0.64875,0.0,-0.00382,1.06996,1.07378,no_penalty,1.0,8
2,0.655,0.655,0.0,-3.9e-4,1.06874,1.06913,hyperbolic,0.09091,10
2,0.655,0.655,0.0,-3.0e-5,1.0691,1.06913,exponential_05,0.00674,10
2,0.6575,0.655,-0.0025,-0.00152,1.0676,1.06913,exponential_01,0.36788,10
2,0.65875,0.655,-0.00375,-0.00387,1.06526,1.06913,no_penalty,1.0,10
2,0.645,0.645,0.0,-2.8e-4,1.07093,1.0712,hyperbolic,0.0625,15
2,0.645,0.645,0.0,-0.0,1.0712,1.0712,exponential_05,5.5e-4,15
2,0.645,0.645,0.0,-9.7e-4,1.07023,1.0712,exponential_01,0.22313,15
2,0.64375,0.645,0.00125,-0.00403,1.06718,1.0712,no_penalty,1.0,15
2,0.64375,0.64375,0.0,-2.2e-4,1.05825,1.05847,hyperbolic,0.04762,20
2,0.64375,0.64375,0.0,-0.0,1.05847,1.05847,exponential_05,5.0e-5,20
2,0.645,0.64375,-0.00125,-6.1e-4,1.05786,1.05847,exponential_01,0.13534,20
2,0.645,0.64375,-0.00125,-0.00419,1.05427,1.05847,no_penalty,1.0,20
3,0.64875,0.6525,0.00375,-5.1e-4,1.07553,1.07604,hyperbolic,1.0,0
3,0.64875,0.6525,0.00375,-5.1e-4,1.07553,1.07604,exponential_05,1.0,0
3,0.64875,0.6525,0.00375,-5.1e-4,1.07553,1.07604,exponential_01,1.0,0
3,0.64875,0.6525,0.00375,-5.1e-4,1.07553,1.07604,no_penalty,1.0,0
3,0.64875,0.65,0.00125,-5.1e-4,1.07629,1.0768,hyperbolic,0.5,1
3,0.64875,0.65,0.00125,-5.9e-4,1.07621,1.0768,exponential_05,0.60653,1
3,0.64875,0.65,0.00125,-7.5e-4,1.07605,1.0768,exponential_01,0.90484,1
3,0.64625,0.65,0.00375,-7.8e-4,1.07602,1.0768,no_penalty,1.0,1
3,0.645,0.645,0.0,-4.6e-4,1.07811,1.07857,hyperbolic,0.33333,2
3,0.64625,0.645,-0.00125,-5.1e-4,1.07806,1.07857,exponential_05,0.36788,2
3,0.64375,0.645,0.00125,-9.7e-4,1.0776,1.07857,exponential_01,0.81873,2
3,0.64375,0.645,0.00125,-0.0011,1.07747,1.07857,no_penalty,1.0,2
3,0.6525,0.6525,0.0,-3.6e-4,1.07613,1.07649,hyperbolic,0.25,3
3,0.6525,0.6525,0.0,-3.2e-4,1.07617,1.07649,exponential_05,0.22313,3
3,0.64875,0.6525,0.00375,-9.1e-4,1.07559,1.07649,exponential_01,0.74082,3
3,0.65,0.6525,0.0025,-0.00111,1.07538,1.07649,no_penalty,1.0,3
3,0.655,0.655,0.0,-2.7e-4,1.07032,1.07059,hyperbolic,0.16667,5
3,0.655,0.655,0.0,-1.4e-4,1.07045,1.07059,exponential_05,0.08208,5
3,0.655,0.655,0.0,-8.8e-4,1.06971,1.07059,exponential_01,0.60653,5
3,0.65375,0.655,0.00125,-0.00129,1.0693,1.07059,no_penalty,1.0,5
3,0.64625,0.64625,0.0,-2.5e-4,1.07067,1.07093,hyperbolic,0.11111,8
3,0.64625,0.64625,0.0,-4.0e-5,1.07088,1.07093,exponential_05,0.01832,8
3,0.65,0.64625,-0.00375,-9.7e-4,1.06996,1.07093,exponential_01,0.44933,8
3,0.65125,0.64625,-0.005,-0.00194,1.06899,1.07093,no_penalty,1.0,8
3,0.6525,0.65125,-0.00125,-2.1e-4,1.06473,1.06494,hyperbolic,0.09091,10
3,0.65125,0.65125,0.0,-2.0e-5,1.06493,1.06494,exponential_05,0.00674,10
3,0.655,0.65125,-0.00375,-8.1e-4,1.06413,1.06494,exponential_01,0.36788,10
3,0.655,0.65125,-0.00375,-0.00197,1.06297,1.06494,no_penalty,1.0,10
3,0.65625,0.655,-0.00125,-1.6e-4,1.06149,1.06165,hyperbolic,0.0625,15
3,0.655,0.655,0.0,-0.0,1.06165,1.06165,exponential_05,5.5e-4,15
3,0.65625,0.655,-0.00125,-5.7e-4,1.06108,1.06165,exponential_01,0.22313,15
3,0.65625,0.655,-0.00125,-0.00228,1.05938,1.06165,no_penalty,1.0,15
3,0.6425,0.6425,0.0,-1.4e-4,1.05837,1.05851,hyperbolic,0.04762,20
3,0.6425,0.6425,0.0,-0.0,1.05851,1.05851,exponential_05,5.0e-5,20
3,0.6425,0.6425,0.0,-3.9e-4,1.05811,1.05851,exponential_01,0.13534,20
3,0.6475,0.6425,-0.005,-0.00265,1.05586,1.05851,no_penalty,1.0,20
4,0.64875,0.6525,0.00375,-0.00109,1.07495,1.07604,hyperbolic,1.0,0
4,0.64875,0.6525,0.00375,-0.00109,1.07495,1.07604,exponential_05,1.0,0
4,0.64875,0.6525,0.00375,-0.00109,1.07495,1.07604,exponential_01,1.0,0
4,0.64875,0.6525,0.00375,-0.00109,1.07495,1.07604,no_penalty,1.0,0
4,0.65625,0.65625,0.0,-6.9e-4,1.0708,1.0715,hyperbolic,0.5,1
4,0.65625,0.65625,0.0,-8.2e-4,1.07068,1.0715,exponential_05,0.60653,1
4,0.65625,0.65625,0.0,-0.00112,1.07038,1.0715,exponential_01,0.90484,1
4,0.65375,0.65625,0.0025,-0.0012,1.07029,1.0715,no_penalty,1.0,1
4,0.64875,0.65125,0.0025,-0.0005,1.07024,1.07074,hyperbolic,0.33333,2
4,0.6475,0.65125,0.00375,-5.4e-4,1.07019,1.07074,exponential_05,0.36788,2
4,0.65,0.65125,0.00125,-0.00108,1.06966,1.07074,exponential_01,0.81873,2
4,0.65,0.65125,0.00125,-0.00126,1.06948,1.07074,no_penalty,1.0,2
4,0.64625,0.65,0.00375,-4.1e-4,1.07049,1.0709,hyperbolic,0.25,3
4,0.64625,0.65,0.00375,-3.7e-4,1.07053,1.0709,exponential_05,0.22313,3
4,0.6475,0.65,0.0025,-0.00107,1.06983,1.0709,exponential_01,0.74082,3
4,0.6475,0.65,0.0025,-0.00135,1.06955,1.0709,no_penalty,1.0,3
4,0.65375,0.6525,-0.00125,-2.8e-4,1.06336,1.06364,hyperbolic,0.16667,5
4,0.655,0.6525,-0.0025,-1.4e-4,1.0635,1.06364,exponential_05,0.08208,5
4,0.6525,0.6525,0.0,-9.3e-4,1.06271,1.06364,exponential_01,0.60653,5
4,0.65375,0.6525,-0.00125,-0.00141,1.06223,1.06364,no_penalty,1.0,5
4,0.65,0.65,0.0,-2.1e-4,1.06137,1.06158,hyperbolic,0.11111,8
4,0.65,0.65,0.0,-4.0e-5,1.06154,1.06158,exponential_05,0.01832,8
4,0.65125,0.65,-0.00125,-8.2e-4,1.06076,1.06158,exponential_01,0.44933,8
4,0.65625,0.65,-0.00625,-0.00166,1.05992,1.06158,no_penalty,1.0,8
4,0.65,0.65,0.0,-1.9e-4,1.05719,1.05739,hyperbolic,0.09091,10
4,0.65,0.65,0.0,-1.0e-5,1.05737,1.05739,exponential_05,0.00674,10
4,0.65125,0.65,-0.00125,-7.5e-4,1.05664,1.05739,exponential_01,0.36788,10
4,0.65125,0.65,-0.00125,-0.00184,1.05554,1.05739,no_penalty,1.0,10
4,0.64625,0.64875,0.0025,-1.9e-4,1.06051,1.0607,hyperbolic,0.0625,15
4,0.64875,0.64875,0.0,-0.0,1.0607,1.0607,exponential_05,5.5e-4,15
4,0.64625,0.64875,0.0025,-6.5e-4,1.06005,1.0607,exponential_01,0.22313,15
4,0.65,0.64875,-0.00125,-0.0027,1.058,1.0607,no_penalty,1.0,15
4,0.6425,0.6425,0.0,-1.4e-4,1.0525,1.05264,hyperbolic,0.04762,20
4,0.6425,0.6425,0.0,0.0,1.05264,1.05264,exponential_05,5.0e-5,20
4,0.6425,0.6425,0.0,-3.8e-4,1.05225,1.05264,exponential_01,0.13534,20
4,0.6525,0.6425,-0.01,-0.00263,1.05001,1.05264,no_penalty,1.0,20
5,0.65625,0.6525,-0.00375,-0.00454,1.0715,1.07604,hyperbolic,1.0,0
5,0.65625,0.6525,-0.00375,-0.00454,1.0715,1.07604,exponential_05,1.0,0
5,0.65625,0.6525,-0.00375,-0.00454,1.0715,1.07604,exponential_01,1.0,0
5,0.65625,0.6525,-0.00375,-0.00454,1.0715,1.07604,no_penalty,1.0,0
5,0.65,0.64875,-0.00125,-0.00245,1.07308,1.07553,hyperbolic,0.5,1
5,0.6475,0.64875,0.00125,-0.00295,1.07258,1.07553,exponential_05,0.60653,1
5,0.64875,0.64875,0.0,-0.0043,1.07122,1.07553,exponential_01,0.90484,1
5,0.65125,0.64875,-0.0025,-0.00472,1.07081,1.07553,no_penalty,1.0,1
5,0.64875,0.64625,-0.0025,-0.00161,1.07434,1.07595,hyperbolic,0.33333,2
5,0.64875,0.64625,-0.0025,-0.00178,1.07417,1.07595,exponential_05,0.36788,2
5,0.64875,0.64625,-0.0025,-0.00382,1.07213,1.07595,exponential_01,0.81873,2
5,0.6525,0.64625,-0.00625,-0.0046,1.07135,1.07595,no_penalty,1.0,2
5,0.6475,0.6475,0.0,-0.00124,1.07125,1.07249,hyperbolic,0.25,3
5,0.6475,0.6475,0.0,-0.00111,1.07138,1.07249,exponential_05,0.22313,3
5,0.65,0.6475,-0.0025,-0.00356,1.06893,1.07249,exponential_01,0.74082,3
5,0.65375,0.6475,-0.00625,-0.00471,1.06778,1.07249,no_penalty,1.0,3
5,0.6425,0.64,-0.0025,-8.7e-4,1.06893,1.06981,hyperbolic,0.16667,5
5,0.64125,0.64,-0.00125,-4.3e-4,1.06938,1.06981,exponential_05,0.08208,5
5,0.64375,0.64,-0.00375,-0.0031,1.06671,1.06981,exponential_01,0.60653,5
5,0.645,0.64,-0.005,-0.00499,1.06482,1.06981,no_penalty,1.0,5
5,0.63875,0.63875,0.0,-6.1e-4,1.06506,1.06567,hyperbolic,0.11111,8
5,0.63875,0.63875,0.0,-0.0001,1.06557,1.06567,exponential_05,0.01832,8
5,0.63875,0.63875,0.0,-0.00242,1.06325,1.06567,exponential_01,0.44933,8
5,0.64125,0.63875,-0.0025,-0.00522,1.06045,1.06567,no_penalty,1.0,8
5,0.64,0.64,0.0,-5.2e-4,1.06391,1.06443,hyperbolic,0.09091,10
5,0.64,0.64,0.0,-4.0e-5,1.06439,1.06443,exponential_05,0.00674,10
5,0.64,0.64,0.0,-0.00208,1.06236,1.06443,exponential_01,0.36788,10
5,0.6425,0.64,-0.0025,-0.00547,1.05896,1.06443,no_penalty,1.0,10
5,0.63875,0.6375,-0.00125,-3.7e-4,1.06139,1.06176,hyperbolic,0.0625,15
5,0.6375,0.6375,0.0,-0.0,1.06176,1.06176,exponential_05,5.5e-4,15
5,0.64,0.6375,-0.0025,-0.0013,1.06046,1.06176,exponential_01,0.22313,15
5,0.6425,0.6375,-0.005,-0.0056,1.05616,1.06176,no_penalty,1.0,15
5,0.6375,0.6375,0.0,-2.9e-4,1.06132,1.06161,hyperbolic,0.04762,20
5,0.6375,0.6375,0.0,-0.0,1.06161,1.06161,exponential_05,5.0e-5,20
5,0.63875,0.6375,-0.00125,-8.2e-4,1.06079,1.06161,exponential_01,0.13534,20
5,0.64375,0.6375,-0.00625,-0.00586,1.05575,1.06161,no_penalty,1.0,20
6,0.65,0.6525,0.0025,7.6e-4,1.0768,1.07604,hyperbolic,1.0,0
6,0.65,0.6525,0.0025,7.6e-4,1.0768,1.07604,exponential_05,1.0,0
6,0.65,0.6525,0.0025,7.6e-4,1.0768,1.07604,exponential_01,1.0,0
6,0.65,0.6525,0.0025,7.6e-4,1.0768,1.07604,no_penalty,1.0,0
6,0.655,0.65625,0.00125,3.1e-4,1.0718,1.0715,hyperbolic,0.5,1
6,0.655,0.65625,0.00125,0.0004,1.0719,1.0715,exponential_05,0.60653,1
6,0.65375,0.65625,0.0025,7.3e-4,1.07223,1.0715,exponential_01,0.90484,1
6,0.6525,0.65625,0.00375,8.6e-4,1.07235,1.0715,no_penalty,1.0,1
6,0.66,0.65875,-0.00125,2.2e-4,1.06796,1.06774,hyperbolic,0.33333,2
6,0.66,0.65875,-0.00125,2.5e-4,1.06799,1.06774,exponential_05,0.36788,2
6,0.65875,0.65875,0.0,7.2e-4,1.06846,1.06774,exponential_01,0.81873,2
6,0.65625,0.65875,0.0025,9.7e-4,1.06871,1.06774,no_penalty,1.0,2
6,0.65625,0.65625,0.0,9.0e-5,1.06686,1.06678,hyperbolic,0.25,3
6,0.6575,0.65625,-0.00125,8.0e-5,1.06685,1.06678,exponential_05,0.22313,3
6,0.65625,0.65625,0.0,4.3e-4,1.06721,1.06678,exponential_01,0.74082,3
6,0.6525,0.65625,0.00375,0.0007,1.06748,1.06678,no_penalty,1.0,3
6,0.66125,0.66,-0.00125,-0.0,1.06059,1.06059,hyperbolic,0.16667,5
6,0.66,0.66,0.0,-0.0,1.06059,1.06059,exponential_05,0.08208,5
6,0.66,0.66,0.0,0.0001,1.06069,1.06059,exponential_01,0.60653,5
6,0.65625,0.66,0.00375,3.3e-4,1.06092,1.06059,no_penalty,1.0,5
6,0.66375,0.66375,0.0,-6.0e-5,1.05475,1.05481,hyperbolic,0.11111,8
6,0.66375,0.66375,0.0,-1.0e-5,1.0548,1.05481,exponential_05,0.01832,8
6,0.66375,0.66375,0.0,-1.7e-4,1.05464,1.05481,exponential_01,0.44933,8
6,0.66375,0.66375,0.0,-1.5e-4,1.05466,1.05481,no_penalty,1.0,8
6,0.66375,0.66375,0.0,-0.0001,1.05459,1.05469,hyperbolic,0.09091,10
6,0.66375,0.66375,0.0,-1.0e-5,1.05469,1.05469,exponential_05,0.00674,10
6,0.66625,0.66375,-0.0025,-3.8e-4,1.05431,1.05469,exponential_01,0.36788,10
6,0.66375,0.66375,0.0,-7.9e-4,1.0539,1.05469,no_penalty,1.0,10
6,0.66375,0.665,0.00125,-1.1e-4,1.05286,1.05297,hyperbolic,0.0625,15
6,0.665,0.665,0.0,-0.0,1.05297,1.05297,exponential_05,5.5e-4,15
6,0.66375,0.665,0.00125,-3.9e-4,1.05258,1.05297,exponential_01,0.22313,15
6,0.66375,0.665,0.00125,-0.00149,1.05148,1.05297,no_penalty,1.0,15
6,0.665,0.665,0.0,-1.1e-4,1.04863,1.04874,hyperbolic,0.04762,20
6,0.665,0.665,0.0,0.0,1.04874,1.04874,exponential_05,5.0e-5,20
6,0.66375,0.665,0.00125,-3.1e-4,1.04843,1.04874,exponential_01,0.13534,20
6,0.665,0.665,0.0,-0.00201,1.04672,1.04874,no_penalty,1.0,20
7,0.64375,0.6525,0.00875,-0.0025,1.07354,1.07604,hyperbolic,1.0,0
7,0.64375,0.6525,0.00875,-0.0025,1.07354,1.07604,exponential_05,1.0,0
7,0.64375,0.6525,0.00875,-0.0025,1.07354,1.07604,exponential_01,1.0,0
7,0.64375,0.6525,0.00875,-0.0025,1.07354,1.07604,no_penalty,1.0,0
7,0.645,0.64875,0.00375,-0.00138,1.07357,1.07495,hyperbolic,0.5,1
7,0.6425,0.64875,0.00625,-0.00163,1.07331,1.07495,exponential_05,0.60653,1
7,0.6425,0.64875,0.00625,-0.00229,1.07266,1.07495,exponential_01,0.90484,1
7,0.64125,0.64875,0.0075,-0.00248,1.07247,1.07495,no_penalty,1.0,1
7,0.6425,0.64375,0.00125,-9.5e-4,1.0737,1.07465,hyperbolic,0.33333,2
7,0.6425,0.64375,0.00125,-0.00104,1.07361,1.07465,exponential_05,0.36788,2
7,0.6425,0.64375,0.00125,-0.00213,1.07252,1.07465,exponential_01,0.81873,2
7,0.64125,0.64375,0.0025,-0.00251,1.07214,1.07465,no_penalty,1.0,2
7,0.64,0.6425,0.0025,-7.6e-4,1.07315,1.07391,hyperbolic,0.25,3
7,0.64125,0.6425,0.00125,-6.8e-4,1.07323,1.07391,exponential_05,0.22313,3
7,0.63875,0.6425,0.00375,-0.00208,1.07183,1.07391,exponential_01,0.74082,3
7,0.63875,0.6425,0.00375,-0.00268,1.07123,1.07391,no_penalty,1.0,3
7,0.64875,0.64875,0.0,-5.3e-4,1.06831,1.06884,hyperbolic,0.16667,5
7,0.64875,0.64875,0.0,-2.6e-4,1.06858,1.06884,exponential_05,0.08208,5
7,0.6475,0.64875,0.00125,-0.0018,1.06704,1.06884,exponential_01,0.60653,5
7,0.64625,0.64875,0.0025,-0.00279,1.06606,1.06884,no_penalty,1.0,5
7,0.66,0.66125,0.00125,-4.5e-4,1.06342,1.06387,hyperbolic,0.11111,8
7,0.66125,0.66125,0.0,-7.0e-5,1.06379,1.06387,exponential_05,0.01832,8
7,0.6625,0.66125,-0.00125,-0.00174,1.06212,1.06387,exponential_01,0.44933,8
7,0.66,0.66125,0.00125,-0.00362,1.06025,1.06387,no_penalty,1.0,8
7,0.65875,0.6575,-0.00125,-4.1e-4,1.06345,1.06386,hyperbolic,0.09091,10
7,0.6575,0.6575,0.0,-3.0e-5,1.06383,1.06386,exponential_05,0.00674,10
7,0.6575,0.6575,0.0,-0.00161,1.06225,1.06386,exponential_01,0.36788,10
7,0.65875,0.6575,-0.00125,-0.00408,1.05978,1.06386,no_penalty,1.0,10
7,0.66625,0.66625,0.0,-2.9e-4,1.05468,1.05497,hyperbolic,0.0625,15
7,0.66625,0.66625,0.0,-0.0,1.05497,1.05497,exponential_05,5.5e-4,15
7,0.665,0.66625,0.00125,-0.00101,1.05396,1.05497,exponential_01,0.22313,15
7,0.66625,0.66625,0.0,-0.00422,1.05075,1.05497,no_penalty,1.0,15
7,0.65125,0.65125,0.0,-2.3e-4,1.05626,1.05649,hyperbolic,0.04762,20
7,0.65125,0.65125,0.0,-0.0,1.05649,1.05649,exponential_05,5.0e-5,20
7,0.6525,0.65125,-0.00125,-6.5e-4,1.05584,1.05649,exponential_01,0.13534,20
7,0.6525,0.65125,-0.00125,-0.00447,1.05202,1.05649,no_penalty,1.0,20
8,0.64875,0.6525,0.00375,-5.1e-4,1.07553,1.07604,hyperbolic,1.0,0
8,0.64875,0.6525,0.00375,-5.1e-4,1.07553,1.07604,exponential_05,1.0,0
8,0.64875,0.6525,0.00375,-5.1e-4,1.07553,1.07604,exponential_01,1.0,0
8,0.64875,0.6525,0.00375,-5.1e-4,1.07553,1.07604,no_penalty,1.0,0
8,0.64375,0.64875,0.005,-4.1e-4,1.07454,1.07495,hyperbolic,0.5,1
8,0.64375,0.64875,0.005,-4.6e-4,1.07449,1.07495,exponential_05,0.60653,1
8,0.64375,0.64875,0.005,-5.7e-4,1.07438,1.07495,exponential_01,0.90484,1
8,0.64375,0.64875,0.005,-5.9e-4,1.07436,1.07495,no_penalty,1.0,1
8,0.6425,0.64375,0.00125,-3.2e-4,1.07433,1.07465,hyperbolic,0.33333,2
8,0.6425,0.64375,0.00125,-3.5e-4,1.0743,1.07465,exponential_05,0.36788,2
8,0.64375,0.64375,0.0,-6.3e-4,1.07402,1.07465,exponential_01,0.81873,2
8,0.6425,0.64375,0.00125,-6.9e-4,1.07396,1.07465,no_penalty,1.0,2
8,0.64875,0.65,0.00125,-3.2e-4,1.07423,1.07455,hyperbolic,0.25,3
8,0.64875,0.65,0.00125,-2.9e-4,1.07426,1.07455,exponential_05,0.22313,3
8,0.65,0.65,0.0,-7.8e-4,1.07377,1.07455,exponential_01,0.74082,3
8,0.6475,0.65,0.0025,-9.4e-4,1.07361,1.07455,no_penalty,1.0,3
8,0.655,0.655,0.0,-2.7e-4,1.07038,1.07066,hyperbolic,0.16667,5
8,0.655,0.655,0.0,-1.4e-4,1.07052,1.07066,exponential_05,0.08208,5
8,0.655,0.655,0.0,-8.9e-4,1.06977,1.07066,exponential_01,0.60653,5
8,0.655,0.655,0.0,-0.0013,1.06935,1.07066,no_penalty,1.0,5
8,0.65625,0.655,-0.00125,-2.3e-4,1.06445,1.06469,hyperbolic,0.11111,8
8,0.655,0.655,0.0,-4.0e-5,1.06465,1.06469,exponential_05,0.01832,8
8,0.65625,0.655,-0.00125,-8.9e-4,1.06379,1.06469,exponential_01,0.44933,8
8,0.65875,0.655,-0.00375,-0.00178,1.06291,1.06469,no_penalty,1.0,8
8,0.64875,0.64875,0.0,-0.0002,1.06024,1.06044,hyperbolic,0.09091,10
8,0.64875,0.64875,0.0,-2.0e-5,1.06043,1.06044,exponential_05,0.00674,10
8,0.64875,0.64875,0.0,-7.7e-4,1.05967,1.06044,exponential_01,0.36788,10
8,0.65375,0.64875,-0.005,-0.00186,1.05858,1.06044,no_penalty,1.0,10
8,0.655,0.655,0.0,-1.6e-4,1.05657,1.05672,hyperbolic,0.0625,15
8,0.655,0.655,0.0,-0.0,1.05672,1.05672,exponential_05,5.5e-4,15
8,0.6575,0.655,-0.0025,-5.5e-4,1.05617,1.05672,exponential_01,0.22313,15
8,0.6625,0.655,-0.0075,-0.00221,1.05452,1.05672,no_penalty,1.0,15
8,0.65,0.65,0.0,-1.4e-4,1.04548,1.04562,hyperbolic,0.04762,20
8,0.65,0.65,0.0,0.0,1.04562,1.04562,exponential_05,5.0e-5,20
8,0.65,0.65,0.0,-3.9e-4,1.04523,1.04562,exponential_01,0.13534,20
8,0.655,0.65,-0.005,-0.00259,1.04303,1.04562,no_penalty,1.0,20
9,0.64875,0.6525,0.00375,-0.00109,1.07495,1.07604,hyperbolic,1.0,0
9,0.64875,0.6525,0.00375,-0.00109,1.07495,1.07604,exponential_05,1.0,0
9,0.64875,0.6525,0.00375,-0.00109,1.07495,1.07604,exponential_01,1.0,0
9,0.64875,0.6525,0.00375,-0.00109,1.07495,1.07604,no_penalty,1.0,0
9,0.64375,0.64375,0.0,-6.3e-4,1.07291,1.07354,hyperbolic,0.5,1
9,0.64125,0.64375,0.0025,-7.4e-4,1.0728,1.07354,exponential_05,0.60653,1
9,0.64125,0.64375,0.0025,-0.001,1.07254,1.07354,exponential_01,0.90484,1
9,0.64125,0.64375,0.0025,-0.00107,1.07247,1.07354,no_penalty,1.0,1
9,0.64375,0.64625,0.0025,-4.4e-4,1.07142,1.07186,hyperbolic,0.33333,2
9,0.64375,0.64625,0.0025,-4.8e-4,1.07138,1.07186,exponential_05,0.36788,2
9,0.64125,0.64625,0.005,-9.5e-4,1.07091,1.07186,exponential_01,0.81873,2
9,0.64125,0.64625,0.005,-0.0011,1.07077,1.07186,no_penalty,1.0,2
9,0.65,0.64875,-0.00125,-3.7e-4,1.06662,1.06699,hyperbolic,0.25,3
9,0.65,0.64875,-0.00125,-3.3e-4,1.06666,1.06699,exponential_05,0.22313,3
9,0.65125,0.64875,-0.0025,-9.6e-4,1.06603,1.06699,exponential_01,0.74082,3
9,0.65125,0.64875,-0.0025,-0.0012,1.06579,1.06699,no_penalty,1.0,3
9,0.65,0.64875,-0.00125,-3.1e-4,1.06213,1.06244,hyperbolic,0.16667,5
9,0.64875,0.64875,0.0,-1.6e-4,1.06228,1.06244,exponential_05,0.08208,5
9,0.65375,0.64875,-0.005,-0.00104,1.0614,1.06244,exponential_01,0.60653,5
9,0.655,0.64875,-0.00625,-0.00159,1.06085,1.06244,no_penalty,1.0,5
9,0.655,0.655,0.0,-2.9e-4,1.06111,1.0614,hyperbolic,0.11111,8
9,0.655,0.655,0.0,-5.0e-5,1.06135,1.0614,exponential_05,0.01832,8
9,0.65625,0.655,-0.00125,-0.00113,1.06027,1.0614,exponential_01,0.44933,8
9,0.6575,0.655,-0.0025,-0.00232,1.05908,1.0614,no_penalty,1.0,8
9,0.6525,0.6525,0.0,-0.0003,1.06668,1.06699,hyperbolic,0.09091,10
9,0.6525,0.6525,0.0,-2.0e-5,1.06696,1.06699,exponential_05,0.00674,10
9,0.65125,0.6525,0.00125,-0.0012,1.06579,1.06699,exponential_01,0.36788,10
9,0.6525,0.6525,0.0,-0.00305,1.06394,1.06699,no_penalty,1.0,10
9,0.64625,0.6475,0.00125,-2.4e-4,1.06402,1.06426,hyperbolic,0.0625,15
9,0.6475,0.6475,0.0,-0.0,1.06426,1.06426,exponential_05,5.5e-4,15
9,0.64625,0.6475,0.00125,-8.5e-4,1.06341,1.06426,exponential_01,0.22313,15
9,0.645,0.6475,0.0025,-0.00357,1.06069,1.06426,no_penalty,1.0,15
9,0.6425,0.6425,0.0,-2.1e-4,1.07048,1.07069,hyperbolic,0.04762,20
9,0.6425,0.6425,0.0,-0.0,1.07069,1.07069,exponential_05,5.0e-5,20
9,0.6425,0.6425,0.0,-6.1e-4,1.07009,1.07069,exponential_01,0.13534,20
9,0.6425,0.6425,0.0,-0.00424,1.06645,1.07069,no_penalty,1.0,20
10,0.65625,0.6525,-0.00375,-0.00454,1.0715,1.07604,hyperbolic,1.0,0
10,0.65625,0.6525,-0.00375,-0.00454,1.0715,1.07604,exponential_05,1.0,0
10,0.65625,0.6525,-0.00375,-0.00454,1.0715,1.07604,exponential_01,1.0,0
10,0.65625,0.6525,-0.00375,-0.00454,1.0715,1.07604,no_penalty,1.0,0
10,0.65,0.64875,-0.00125,-0.00241,1.07254,1.07495,hyperbolic,0.5,1
10,0.65125,0.64875,-0.0025,-0.0029,1.07204,1.07495,exponential_05,0.60653,1
10,0.65375,0.64875,-0.005,-0.00424,1.07071,1.07495,exponential_01,0.90484,1
10,0.65375,0.64875,-0.005,-0.00466,1.07029,1.07495,no_penalty,1.0,1
10,0.645,0.64125,-0.00375,-0.00168,1.07087,1.07255,hyperbolic,0.33333,2
10,0.64625,0.64125,-0.005,-0.00185,1.0707,1.07255,exponential_05,0.36788,2
10,0.64875,0.64125,-0.0075,-0.004,1.06855,1.07255,exponential_01,0.81873,2
10,0.65125,0.64125,-0.01,-0.00483,1.06773,1.07255,no_penalty,1.0,2
10,0.64375,0.64,-0.00375,-0.00131,1.06951,1.07082,hyperbolic,0.25,3
10,0.64375,0.64,-0.00375,-0.00117,1.06965,1.07082,exponential_05,0.22313,3
10,0.65,0.64,-0.01,-0.00376,1.06706,1.07082,exponential_01,0.74082,3
10,0.65125,0.64,-0.01125,-0.00499,1.06583,1.07082,no_penalty,1.0,3
10,0.6425,0.64,-0.0025,-8.6e-4,1.06832,1.06918,hyperbolic,0.16667,5
10,0.64125,0.64,-0.00125,-4.3e-4,1.06875,1.06918,exponential_05,0.08208,5
10,0.64375,0.64,-0.00375,-0.00305,1.06613,1.06918,exponential_01,0.60653,5
10,0.64375,0.64,-0.00375,-0.00491,1.06427,1.06918,no_penalty,1.0,5
10,0.6425,0.64125,-0.00125,-5.9e-4,1.06558,1.06617,hyperbolic,0.11111,8
10,0.64125,0.64125,0.0,-0.0001,1.06607,1.06617,exponential_05,0.01832,8
10,0.64375,0.64125,-0.0025,-0.00234,1.06383,1.06617,exponential_01,0.44933,8
10,0.645,0.64125,-0.00375,-0.00505,1.06112,1.06617,no_penalty,1.0,8
10,0.6425,0.6425,0.0,-0.0005,1.06527,1.06576,hyperbolic,0.09091,10
10,0.6425,0.6425,0.0,-4.0e-5,1.06572,1.06576,exponential_05,0.00674,10
10,0.64375,0.6425,-0.00125,-0.00198,1.06379,1.06576,exponential_01,0.36788,10
10,0.645,0.6425,-0.0025,-0.00518,1.06058,1.06576,no_penalty,1.0,10
10,0.63625,0.63625,0.0,-3.3e-4,1.06559,1.06591,hyperbolic,0.0625,15
10,0.63625,0.63625,0.0,-0.0,1.06591,1.06591,exponential_05,5.5e-4,15
10,0.63625,0.63625,0.0,-0.00115,1.06476,1.06591,exponential_01,0.22313,15
10,0.635,0.63625,0.00125,-0.00497,1.06095,1.06591,no_penalty,1.0,15
10,0.635,0.635,0.0,-2.5e-4,1.06032,1.06058,hyperbolic,0.04762,20
10,0.635,0.635,0.0,-0.0,1.06058,1.06058,exponential_05,5.0e-5,20
10,0.635,0.635,0.0,-7.2e-4,1.05986,1.06058,exponential_01,0.13534,20
10,0.64125,0.635,-0.00625,-0.00509,1.05548,1.06058,no_penalty,1.0,20
11,0.65,0.6525,0.0025,7.6e-4,1.0768,1.07604,hyperbolic,1.0,0
11,0.65,0.6525,0.0025,7.6e-4,1.0768,1.07604,exponential_05,1.0,0
11,0.65,0.6525,0.0025,7.6e-4,1.0768,1.07604,exponential_01,1.0,0
11,0.65,0.6525,0.0025,7.6e-4,1.0768,1.07604,no_penalty,1.0,0
11,0.6475,0.64375,-0.00375,0.0,1.07354,1.07354,hyperbolic,0.5,1
11,0.645,0.64375,-0.00125,3.0e-5,1.07357,1.07354,exponential_05,0.60653,1
11,0.64625,0.64375,-0.0025,1.8e-4,1.07372,1.07354,exponential_01,0.90484,1
11,0.645,0.64375,-0.00125,2.5e-4,1.07379,1.07354,no_penalty,1.0,1
11,0.645,0.64125,-0.00375,-1.5e-4,1.07232,1.07247,hyperbolic,0.33333,2
11,0.64625,0.64125,-0.005,-1.6e-4,1.07231,1.07247,exponential_05,0.36788,2
11,0.64875,0.64125,-0.0075,-1.7e-4,1.0723,1.07247,exponential_01,0.81873,2
11,0.64875,0.64125,-0.0075,-1.1e-4,1.07236,1.07247,no_penalty,1.0,2
11,0.6425,0.64125,-0.00125,-0.0002,1.07195,1.07215,hyperbolic,0.25,3
11,0.6425,0.64125,-0.00125,-1.8e-4,1.07197,1.07215,exponential_05,0.22313,3
11,0.645,0.64125,-0.00375,-4.3e-4,1.07172,1.07215,exponential_01,0.74082,3
11,0.645,0.64125,-0.00375,-4.6e-4,1.07169,1.07215,no_penalty,1.0,3
11,0.6375,0.6375,0.0,-2.4e-4,1.06935,1.06959,hyperbolic,0.16667,5
11,0.6375,0.6375,0.0,-1.2e-4,1.06947,1.06959,exponential_05,0.08208,5
11,0.63625,0.6375,0.00125,-7.7e-4,1.06882,1.06959,exponential_01,0.60653,5
11,0.64,0.6375,-0.0025,-0.0011,1.0685,1.06959,no_penalty,1.0,5
11,0.63875,0.63875,0.0,-2.5e-4,1.06805,1.0683,hyperbolic,0.11111,8
11,0.63875,0.63875,0.0,-4.0e-5,1.06825,1.0683,exponential_05,0.01832,8
11,0.63625,0.63875,0.0025,-9.4e-4,1.06735,1.0683,exponential_01,0.44933,8
11,0.6375,0.63875,0.00125,-0.00187,1.06643,1.0683,no_penalty,1.0,8
11,0.63375,0.63375,0.0,-2.7e-4,1.067,1.06727,hyperbolic,0.09091,10
11,0.63375,0.63375,0.0,-2.0e-5,1.06725,1.06727,exponential_05,0.00674,10
11,0.63375,0.63375,0.0,-0.00105,1.06623,1.06727,exponential_01,0.36788,10
11,0.63625,0.63375,-0.0025,-0.00258,1.06469,1.06727,no_penalty,1.0,10
11,0.63875,0.63875,0.0,-2.1e-4,1.05748,1.05769,hyperbolic,0.0625,15
11,0.63875,0.63875,0.0,-0.0,1.05769,1.05769,exponential_05,5.5e-4,15
11,0.64125,0.63875,-0.0025,-7.4e-4,1.05695,1.05769,exponential_01,0.22313,15
11,0.64,0.63875,-0.00125,-0.00304,1.05465,1.05769,no_penalty,1.0,15
11,0.645,0.645,0.0,-2.1e-4,1.05981,1.06002,hyperbolic,0.04762,20
11,0.645,0.645,0.0,-0.0,1.06002,1.06002,exponential_05,5.0e-5,20
11,0.645,0.645,0.0,-5.8e-4,1.05944,1.06002,exponential_01,0.13534,20
11,0.63875,0.645,0.00625,-0.00402,1.056,1.06002,no_penalty,1.0,20
12,0.64375,0.6525,0.00875,-0.0025,1.07354,1.07604,hyperbolic,1.0,0
12,0.64375,0.6525,0.00875,-0.0025,1.07354,1.07604,exponential_05,1.0,0
12,0.64375,0.6525,0.00875,-0.0025,1.07354,1.07604,exponential_01,1.0,0
12,0.64375,0.6525,0.00875,-0.0025,1.07354,1.07604,no_penalty,1.0,0
12,0.645,0.64875,0.00375,-0.00149,1.07404,1.07553,hyperbolic,0.5,1
12,0.64375,0.64875,0.005,-0.00177,1.07376,1.07553,exponential_05,0.60653,1
12,0.64125,0.64875,0.0075,-0.00249,1.07303,1.07553,exponential_01,0.90484,1
12,0.64125,0.64875,0.0075,-0.0027,1.07282,1.07553,no_penalty,1.0,1
12,0.6475,0.65125,0.00375,-0.00106,1.06975,1.07081,hyperbolic,0.33333,2
12,0.64625,0.65125,0.005,-0.00116,1.06964,1.07081,exponential_05,0.36788,2
12,0.64375,0.65125,0.0075,-0.00239,1.06842,1.07081,exponential_01,0.81873,2
12,0.645,0.65125,0.00625,-0.00282,1.06798,1.07081,no_penalty,1.0,2
12,0.65625,0.6525,-0.00375,-9.2e-4,1.07037,1.07129,hyperbolic,0.25,3
12,0.65625,0.6525,-0.00375,-8.3e-4,1.07047,1.07129,exponential_05,0.22313,3
12,0.65375,0.6525,-0.00125,-0.00253,1.06876,1.07129,exponential_01,0.74082,3
12,0.6525,0.6525,0.0,-0.00328,1.06801,1.07129,no_penalty,1.0,3
12,0.645,0.645,0.0,-6.8e-4,1.07124,1.07192,hyperbolic,0.16667,5
12,0.64625,0.645,-0.00125,-3.4e-4,1.07158,1.07192,exponential_05,0.08208,5
12,0.645,0.645,0.0,-0.00233,1.06958,1.07192,exponential_01,0.60653,5
12,0.64625,0.645,-0.00125,-0.00365,1.06827,1.07192,no_penalty,1.0,5
12,0.645,0.645,0.0,-4.7e-4,1.06634,1.06681,hyperbolic,0.11111,8
12,0.645,0.645,0.0,-8.0e-5,1.06673,1.06681,exponential_05,0.01832,8
12,0.64625,0.645,-0.00125,-0.00183,1.06498,1.06681,exponential_01,0.44933,8
12,0.65,0.645,-0.005,-0.00382,1.06299,1.06681,no_penalty,1.0,8
12,0.6525,0.65125,-0.00125,-4.2e-4,1.06264,1.06306,hyperbolic,0.09091,10
12,0.6525,0.65125,-0.00125,-3.0e-5,1.06303,1.06306,exponential_05,0.00674,10
12,0.6525,0.65125,-0.00125,-0.00166,1.06141,1.06306,exponential_01,0.36788,10
12,0.65125,0.65125,0.0,-0.00421,1.05885,1.06306,no_penalty,1.0,10
12,0.65625,0.65625,0.0,-3.6e-4,1.06506,1.06543,hyperbolic,0.0625,15
12,0.65625,0.65625,0.0,-0.0,1.06542,1.06543,exponential_05,5.5e-4,15
12,0.65625,0.65625,0.0,-0.00128,1.06414,1.06543,exponential_01,0.22313,15
12,0.655,0.65625,0.00125,-0.00542,1.06001,1.06543,no_penalty,1.0,15
12,0.645,0.64375,-0.00125,-0.0003,1.069,1.0693,hyperbolic,0.04762,20
12,0.64375,0.64375,0.0,-0.0,1.0693,1.0693,exponential_05,5.0e-5,20
12,0.645,0.64375,-0.00125,-8.6e-4,1.06844,1.0693,exponential_01,0.13534,20
12,0.6425,0.64375,0.00125,-0.00603,1.06327,1.0693,no_penalty,1.0,20
13,0.64875,0.6525,0.00375,-5.1e-4,1.07553,1.07604,hyperbolic,1.0,0
13,0.64875,0.6525,0.00375,-5.1e-4,1.07553,1.07604,exponential_05,1.0,0
13,0.64875,0.6525,0.00375,-5.1e-4,1.07553,1.07604,exponential_01,1.0,0
13,0.64875,0.6525,0.00375,-5.1e-4,1.07553,1.07604,no_penalty,1.0,0
13,0.64875,0.65,0.00125,-5.1e-4,1.07629,1.0768,hyperbolic,0.5,1
13,0.64875,0.65,0.00125,-5.9e-4,1.07621,1.0768,exponential_05,0.60653,1
13,0.64875,0.65,0.00125,-7.5e-4,1.07605,1.0768,exponential_01,0.90484,1
13,0.64625,0.65,0.00375,-7.8e-4,1.07602,1.0768,no_penalty,1.0,1
13,0.645,0.645,0.0,-4.2e-4,1.07314,1.07356,hyperbolic,0.33333,2
13,0.645,0.645,0.0,-4.5e-4,1.0731,1.07356,exponential_05,0.36788,2
13,0.64875,0.645,-0.00375,-8.4e-4,1.07272,1.07356,exponential_01,0.81873,2
13,0.6475,0.645,-0.0025,-9.4e-4,1.07261,1.07356,no_penalty,1.0,2
13,0.65,0.64875,-0.00125,-3.6e-4,1.06867,1.06903,hyperbolic,0.25,3
13,0.65,0.64875,-0.00125,-3.2e-4,1.06871,1.06903,exponential_05,0.22313,3
13,0.6525,0.64875,-0.00375,-0.0009,1.06813,1.06903,exponential_01,0.74082,3
13,0.6525,0.64875,-0.00375,-0.0011,1.06793,1.06903,no_penalty,1.0,3
13,0.65875,0.65875,0.0,-2.7e-4,1.06298,1.06325,hyperbolic,0.16667,5
13,0.65875,0.65875,0.0,-1.4e-4,1.06312,1.06325,exponential_05,0.08208,5
13,0.66,0.65875,-0.00125,-8.7e-4,1.06239,1.06325,exponential_01,0.60653,5
13,0.65875,0.65875,0.0,-0.00127,1.06199,1.06325,no_penalty,1.0,5
13,0.665,0.665,0.0,-2.2e-4,1.05412,1.05434,hyperbolic,0.11111,8
13,0.665,0.665,0.0,-4.0e-5,1.0543,1.05434,exponential_05,0.01832,8
13,0.665,0.665,0.0,-8.4e-4,1.0535,1.05434,exponential_01,0.44933,8
13,0.6625,0.665,0.0025,-0.00165,1.05269,1.05434,no_penalty,1.0,8
13,0.6575,0.6575,0.0,-2.2e-4,1.05577,1.05599,hyperbolic,0.09091,10
13,0.6575,0.6575,0.0,-2.0e-5,1.05597,1.05599,exponential_05,0.00674,10
13,0.6575,0.6575,0.0,-8.4e-4,1.05515,1.05599,exponential_01,0.36788,10
13,0.66,0.6575,-0.0025,-0.00207,1.05393,1.05599,no_penalty,1.0,10
13,0.65375,0.65375,0.0,-1.7e-4,1.052,1.05217,hyperbolic,0.0625,15
13,0.65375,0.65375,0.0,-0.0,1.05217,1.05217,exponential_05,5.5e-4,15
13,0.65375,0.65375,0.0,-0.0006,1.05157,1.05217,exponential_01,0.22313,15
13,0.65875,0.65375,-0.005,-0.00243,1.04973,1.05217,no_penalty,1.0,15
13,0.6575,0.66,0.0025,-1.5e-4,1.04476,1.0449,hyperbolic,0.04762,20
13,0.66,0.66,0.0,-0.0,1.0449,1.0449,exponential_05,5.0e-5,20
13,0.65875,0.66,0.00125,-4.1e-4,1.04449,1.0449,exponential_01,0.13534,20
13,0.6575,0.66,0.0025,-0.00278,1.04212,1.0449,no_penalty,1.0,20
14,0.64875,0.6525,0.00375,-0.00109,1.07495,1.07604,hyperbolic,1.0,0
14,0.64875,0.6525,0.00375,-0.00109,1.07495,1.07604,exponential_05,1.0,0
14,0.64875,0.6525,0.00375,-0.00109,1.07495,1.07604,exponential_01,1.0,0
14,0.64875,0.6525,0.00375,-0.00109,1.07495,1.07604,no_penalty,1.0,0
14,0.64375,0.64375,0.0,-6.3e-4,1.07291,1.07354,hyperbolic,0.5,1
14,0.64125,0.64375,0.0025,-7.4e-4,1.0728,1.07354,exponential_05,0.60653,1
14,0.64125,0.64375,0.0025,-0.001,1.07254,1.07354,exponential_01,0.90484,1
14,0.64125,0.64375,0.0025,-0.00107,1.07247,1.07354,no_penalty,1.0,1
14,0.64125,0.64125,0.0,-4.6e-4,1.07235,1.07281,hyperbolic,0.33333,2
14,0.64125,0.64125,0.0,-0.0005,1.07231,1.07281,exponential_05,0.36788,2
14,0.64,0.64125,0.00125,-9.8e-4,1.07183,1.07281,exponential_01,0.81873,2
14,0.6375,0.64125,0.00375,-0.00114,1.07167,1.07281,no_penalty,1.0,2
14,0.6375,0.6375,0.0,-3.7e-4,1.0726,1.07297,hyperbolic,0.25,3
14,0.6375,0.6375,0.0,-3.4e-4,1.07264,1.07297,exponential_05,0.22313,3
14,0.63875,0.6375,-0.00125,-9.8e-4,1.07199,1.07297,exponential_01,0.74082,3
14,0.6375,0.6375,0.0,-0.00123,1.07174,1.07297,no_penalty,1.0,3
14,0.63625,0.63625,0.0,-2.7e-4,1.07138,1.07166,hyperbolic,0.16667,5
14,0.63625,0.63625,0.0,-1.4e-4,1.07152,1.07166,exponential_05,0.08208,5
14,0.6375,0.63625,-0.00125,-0.0009,1.07076,1.07166,exponential_01,0.60653,5
14,0.63625,0.63625,0.0,-0.00134,1.07032,1.07166,no_penalty,1.0,5
14,0.64375,0.6425,-0.00125,-1.9e-4,1.06562,1.06581,hyperbolic,0.11111,8
14,0.6425,0.6425,0.0,-3.0e-5,1.06578,1.06581,exponential_05,0.01832,8
14,0.645,0.6425,-0.0025,-7.3e-4,1.06508,1.06581,exponential_01,0.44933,8
14,0.64375,0.6425,-0.00125,-0.00145,1.06435,1.06581,no_penalty,1.0,8
14,0.6375,0.6375,0.0,-1.9e-4,1.06542,1.06561,hyperbolic,0.09091,10
14,0.6375,0.6375,0.0,-1.0e-5,1.06559,1.06561,exponential_05,0.00674,10
14,0.64,0.6375,-0.0025,-7.3e-4,1.06487,1.06561,exponential_01,0.36788,10
14,0.64125,0.6375,-0.00375,-0.0018,1.06381,1.06561,no_penalty,1.0,10
14,0.64125,0.64125,0.0,-1.7e-4,1.05658,1.05674,hyperbolic,0.0625,15
14,0.64125,0.64125,0.0,-0.0,1.05674,1.05674,exponential_05,5.5e-4,15
14,0.6425,0.64125,-0.00125,-5.9e-4,1.05616,1.05674,exponential_01,0.22313,15
14,0.6425,0.64125,-0.00125,-0.0024,1.05434,1.05674,no_penalty,1.0,15
14,0.65375,0.65375,0.0,-1.4e-4,1.04724,1.04738,hyperbolic,0.04762,20
14,0.65375,0.65375,0.0,-0.0,1.04738,1.04738,exponential_05,5.0e-5,20
14,0.6525,0.65375,0.00125,-3.9e-4,1.04699,1.04738,exponential_01,0.13534,20
14,0.6525,0.65375,0.00125,-0.00264,1.04473,1.04738,no_penalty,1.0,20
15,0.65625,0.6525,-0.00375,-0.00454,1.0715,1.07604,hyperbolic,1.0,0
15,0.65625,0.6525,-0.00375,-0.00454,1.0715,1.07604,exponential_05,1.0,0
15,0.65625,0.6525,-0.00375,-0.00454,1.0715,1.07604,exponential_01,1.0,0
15,0.65625,0.6525,-0.00375,-0.00454,1.0715,1.07604,no_penalty,1.0,0
15,0.65,0.64875,-0.00125,-0.00245,1.07308,1.07553,hyperbolic,0.5,1
15,0.6475,0.64875,0.00125,-0.00295,1.07258,1.07553,exponential_05,0.60653,1
15,0.64875,0.64875,0.0,-0.0043,1.07122,1.07553,exponential_01,0.90484,1
15,0.65125,0.64875,-0.0025,-0.00472,1.07081,1.07553,no_penalty,1.0,1
15,0.6425,0.64125,-0.00125,-0.0017,1.07112,1.07282,hyperbolic,0.33333,2
15,0.6425,0.64125,-0.00125,-0.00187,1.07095,1.07282,exponential_05,0.36788,2
15,0.6425,0.64125,-0.00125,-0.00402,1.0688,1.07282,exponential_01,0.81873,2
15,0.645,0.64125,-0.00375,-0.00485,1.06797,1.07282,no_penalty,1.0,2
15,0.6475,0.645,-0.0025,-0.00125,1.07129,1.07254,hyperbolic,0.25,3
15,0.64625,0.645,-0.00125,-0.00111,1.07143,1.07254,exponential_05,0.22313,3
15,0.65,0.645,-0.005,-0.00357,1.06897,1.07254,exponential_01,0.74082,3
15,0.65375,0.645,-0.00875,-0.00472,1.06782,1.07254,no_penalty,1.0,3
15,0.64,0.64125,0.00125,-8.9e-4,1.07236,1.07325,hyperbolic,0.16667,5
15,0.64,0.64125,0.00125,-4.4e-4,1.07281,1.07325,exponential_05,0.08208,5
15,0.6425,0.64125,-0.00125,-0.00315,1.07009,1.07325,exponential_01,0.60653,5
15,0.645,0.64125,-0.00375,-0.00507,1.06818,1.07325,no_penalty,1.0,5
15,0.635,0.635,0.0,-6.2e-4,1.07124,1.07186,hyperbolic,0.11111,8
15,0.635,0.635,0.0,-0.0001,1.07175,1.07186,exponential_05,0.01832,8
15,0.64125,0.635,-0.00625,-0.00247,1.06939,1.07186,exponential_01,0.44933,8
15,0.6475,0.635,-0.0125,-0.00533,1.06652,1.07186,no_penalty,1.0,8
15,0.63625,0.635,-0.00125,-0.0005,1.06731,1.06781,hyperbolic,0.09091,10
15,0.635,0.635,0.0,-4.0e-5,1.06777,1.06781,exponential_05,0.00674,10
15,0.64125,0.635,-0.00625,-0.002,1.06581,1.06781,exponential_01,0.36788,10
15,0.6475,0.635,-0.0125,-0.00524,1.06257,1.06781,no_penalty,1.0,10
15,0.6375,0.63625,-0.00125,-3.6e-4,1.06592,1.06628,hyperbolic,0.0625,15
15,0.63625,0.63625,0.0,-0.0,1.06627,1.06628,exponential_05,5.5e-4,15
15,0.63875,0.63625,-0.0025,-0.00127,1.06501,1.06628,exponential_01,0.22313,15
15,0.6425,0.63625,-0.00625,-0.00548,1.06079,1.06628,no_penalty,1.0,15
15,0.6325,0.6325,0.0,-2.7e-4,1.06282,1.06309,hyperbolic,0.04762,20
15,0.6325,0.6325,0.0,-0.0,1.06309,1.06309,exponential_05,5.0e-5,20
15,0.6325,0.6325,0.0,-7.6e-4,1.06233,1.06309,exponential_01,0.13534,20
15,0.635,0.6325,-0.0025,-0.00541,1.05767,1.06309,no_penalty,1.0,20
16,0.65,0.6525,0.0025,7.6e-4,1.0768,1.07604,hyperbolic,1.0,0
16,0.65,0.6525,0.0025,7.6e-4,1.0768,1.07604,exponential_05,1.0,0
16,0.65,0.6525,0.0025,7.6e-4,1.0768,1.07604,exponential_01,1.0,0
16,0.65,0.6525,0.0025,7.6e-4,1.0768,1.07604,no_penalty,1.0,0
16,0.65,0.64875,-0.00125,6.0e-5,1.07501,1.07495,hyperbolic,0.5,1
16,0.65,0.64875,-0.00125,1.1e-4,1.07505,1.07495,exponential_05,0.60653,1
16,0.65,0.64875,-0.00125,0.0003,1.07524,1.07495,exponential_01,0.90484,1
16,0.65125,0.64875,-0.0025,3.7e-4,1.07532,1.07495,no_penalty,1.0,1
16,0.645,0.64125,-0.00375,-1.4e-4,1.07241,1.07255,hyperbolic,0.33333,2
16,0.64625,0.64125,-0.005,-1.5e-4,1.0724,1.07255,exponential_05,0.36788,2
16,0.64875,0.64125,-0.0075,-1.6e-4,1.0724,1.07255,exponential_01,0.81873,2
16,0.64875,0.64125,-0.0075,-0.0001,1.07245,1.07255,no_penalty,1.0,2
16,0.6425,0.64,-0.0025,-2.3e-4,1.07059,1.07082,hyperbolic,0.25,3
16,0.64125,0.64,-0.00125,-2.1e-4,1.07061,1.07082,exponential_05,0.22313,3
16,0.6425,0.64,-0.0025,-5.2e-4,1.0703,1.07082,exponential_01,0.74082,3
16,0.645,0.64,-0.005,-5.8e-4,1.07024,1.07082,no_penalty,1.0,3
16,0.645,0.645,0.0,-1.6e-4,1.06441,1.06457,hyperbolic,0.16667,5
16,0.64375,0.645,0.00125,-8.0e-5,1.06449,1.06457,exponential_05,0.08208,5
16,0.64625,0.645,-0.00125,-4.8e-4,1.06409,1.06457,exponential_01,0.60653,5
16,0.65,0.645,-0.005,-6.2e-4,1.06396,1.06457,no_penalty,1.0,5
16,0.65625,0.65625,0.0,-1.9e-4,1.05829,1.05848,hyperbolic,0.11111,8
16,0.65625,0.65625,0.0,-3.0e-5,1.05844,1.05848,exponential_05,0.01832,8
16,0.6575,0.65625,-0.00125,-0.0007,1.05778,1.05848,exponential_01,0.44933,8
16,0.655,0.65625,0.00125,-0.00133,1.05715,1.05848,no_penalty,1.0,8
16,0.66,0.66,0.0,-1.7e-4,1.05327,1.05344,hyperbolic,0.09091,10
16,0.66,0.66,0.0,-1.0e-5,1.05343,1.05344,exponential_05,0.00674,10
16,0.66125,0.66,-0.00125,-6.4e-4,1.0528,1.05344,exponential_01,0.36788,10
16,0.65875,0.66,0.00125,-0.00148,1.05196,1.05344,no_penalty,1.0,10
16,0.64375,0.64375,0.0,-1.9e-4,1.05275,1.05293,hyperbolic,0.0625,15
16,0.64375,0.64375,0.0,-0.0,1.05293,1.05293,exponential_05,5.5e-4,15
16,0.645,0.64375,-0.00125,-6.5e-4,1.05228,1.05293,exponential_01,0.22313,15
16,0.65375,0.64375,-0.01,-0.00265,1.05029,1.05293,no_penalty,1.0,15
16,0.64875,0.64875,0.0,-1.8e-4,1.04979,1.04997,hyperbolic,0.04762,20
16,0.64875,0.64875,0.0,-0.0,1.04997,1.04997,exponential_05,5.0e-5,20
16,0.64875,0.64875,0.0,-0.0005,1.04947,1.04997,exponential_01,0.13534,20
16,0.64625,0.64875,0.0025,-0.00345,1.04652,1.04997,no_penalty,1.0,20
17,0.64375,0.6525,0.00875,-0.0025,1.07354,1.07604,hyperbolic,1.0,0
17,0.64375,0.6525,0.00875,-0.0025,1.07354,1.07604,exponential_05,1.0,0
17,0.64375,0.6525,0.00875,-0.0025,1.07354,1.07604,exponential_01,1.0,0
17,0.64375,0.6525,0.00875,-0.0025,1.07354,1.07604,no_penalty,1.0,0
17,0.65,0.65625,0.00625,-0.00147,1.07003,1.0715,hyperbolic,0.5,1
17,0.65,0.65625,0.00625,-0.00174,1.06975,1.0715,exponential_05,0.60653,1
17,0.6475,0.65625,0.00875,-0.00245,1.06904,1.0715,exponential_01,0.90484,1
17,0.6475,0.65625,0.00875,-0.00266,1.06884,1.0715,no_penalty,1.0,1
17,0.64875,0.65125,0.0025,-0.00106,1.06968,1.07074,hyperbolic,0.33333,2
17,0.6475,0.65125,0.00375,-0.00116,1.06957,1.07074,exponential_05,0.36788,2
17,0.64375,0.65125,0.0075,-0.00239,1.06834,1.07074,exponential_01,0.81873,2
17,0.645,0.65125,0.00625,-0.00283,1.06791,1.07074,no_penalty,1.0,2
17,0.65625,0.6525,-0.00375,-9.2e-4,1.0703,1.07123,hyperbolic,0.25,3
17,0.65625,0.6525,-0.00375,-8.3e-4,1.0704,1.07123,exponential_05,0.22313,3
17,0.65375,0.6525,-0.00125,-0.00254,1.06869,1.07123,exponential_01,0.74082,3
17,0.65375,0.6525,-0.00125,-0.00329,1.06794,1.07123,no_penalty,1.0,3
17,0.655,0.655,0.0,-6.3e-4,1.06488,1.0655,hyperbolic,0.16667,5
17,0.655,0.655,0.0,-3.1e-4,1.06519,1.0655,exponential_05,0.08208,5
17,0.655,0.655,0.0,-0.00215,1.06335,1.0655,exponential_01,0.60653,5
17,0.65875,0.655,-0.00375,-0.00335,1.06216,1.0655,no_penalty,1.0,5
17,0.6575,0.6575,0.0,-4.7e-4,1.0637,1.06417,hyperbolic,0.11111,8
17,0.6575,0.6575,0.0,-8.0e-5,1.06409,1.06417,exponential_05,0.01832,8
17,0.655,0.6575,0.0025,-0.00183,1.06234,1.06417,exponential_01,0.44933,8
17,0.65625,0.6575,0.00125,-0.0038,1.06037,1.06417,no_penalty,1.0,8
17,0.6575,0.65875,0.00125,-4.3e-4,1.06148,1.0619,hyperbolic,0.09091,10
17,0.65875,0.65875,0.0,-3.0e-5,1.06187,1.0619,exponential_05,0.00674,10
17,0.65625,0.65875,0.0025,-0.00168,1.06022,1.0619,exponential_01,0.36788,10
17,0.66125,0.65875,-0.0025,-0.00427,1.05763,1.0619,no_penalty,1.0,10
17,0.6625,0.66375,0.00125,-3.1e-4,1.05627,1.05658,hyperbolic,0.0625,15
17,0.66375,0.66375,0.0,-0.0,1.05658,1.05658,exponential_05,5.5e-4,15
17,0.66125,0.66375,0.0025,-0.0011,1.05549,1.05658,exponential_01,0.22313,15
17,0.66375,0.66375,0.0,-0.0046,1.05199,1.05658,no_penalty,1.0,15
17,0.665,0.665,0.0,-2.6e-4,1.055,1.05526,hyperbolic,0.04762,20
17,0.665,0.665,0.0,-0.0,1.05526,1.05526,exponential_05,5.0e-5,20
17,0.66625,0.665,-0.00125,-7.4e-4,1.05452,1.05526,exponential_01,0.13534,20
17,0.6675,0.665,-0.0025,-0.00513,1.05013,1.05526,no_penalty,1.0,20
18,0.64875,0.6525,0.00375,-5.1e-4,1.07553,1.07604,hyperbolic,1.0,0
18,0.64875,0.6525,0.00375,-5.1e-4,1.07553,1.07604,exponential_05,1.0,0
18,0.64875,0.6525,0.00375,-5.1e-4,1.07553,1.07604,exponential_01,1.0,0
18,0.64875,0.6525,0.00375,-5.1e-4,1.07553,1.07604,no_penalty,1.0,0
18,0.64875,0.65,0.00125,-5.1e-4,1.07629,1.0768,hyperbolic,0.5,1
18,0.64875,0.65,0.00125,-5.9e-4,1.07621,1.0768,exponential_05,0.60653,1
18,0.64875,0.65,0.00125,-7.5e-4,1.07605,1.0768,exponential_01,0.90484,1
18,0.64625,0.65,0.00375,-7.8e-4,1.07602,1.0768,no_penalty,1.0,1
18,0.645,0.645,0.0,-4.2e-4,1.07314,1.07356,hyperbolic,0.33333,2
18,0.645,0.645,0.0,-4.5e-4,1.0731,1.07356,exponential_05,0.36788,2
18,0.64875,0.645,-0.00375,-8.4e-4,1.07272,1.07356,exponential_01,0.81873,2
18,0.6475,0.645,-0.0025,-9.4e-4,1.07261,1.07356,no_penalty,1.0,2
18,0.65,0.64875,-0.00125,-3.6e-4,1.06867,1.06903,hyperbolic,0.25,3
18,0.65,0.64875,-0.00125,-3.2e-4,1.06871,1.06903,exponential_05,0.22313,3
18,0.6525,0.64875,-0.00375,-0.0009,1.06813,1.06903,exponential_01,0.74082,3
18,0.6525,0.64875,-0.00375,-0.0011,1.06793,1.06903,no_penalty,1.0,3
18,0.65,0.65,0.0,-2.9e-4,1.06236,1.06265,hyperbolic,0.16667,5
18,0.65,0.65,0.0,-1.5e-4,1.0625,1.06265,exponential_05,0.08208,5
18,0.64875,0.65,0.00125,-9.5e-4,1.0617,1.06265,exponential_01,0.60653,5
18,0.65,0.65,0.0,-0.0014,1.06125,1.06265,no_penalty,1.0,5
18,0.66125,0.66,-0.00125,-2.2e-4,1.05527,1.05549,hyperbolic,0.11111,8
18,0.66125,0.66,-0.00125,-4.0e-5,1.05545,1.05549,exponential_05,0.01832,8
18,0.66125,0.66,-0.00125,-8.4e-4,1.05465,1.05549,exponential_01,0.44933,8
18,0.66125,0.66,-0.00125,-0.00165,1.05384,1.05549,no_penalty,1.0,8
18,0.65875,0.65875,0.0,-2.1e-4,1.05216,1.05237,hyperbolic,0.09091,10
18,0.65875,0.65875,0.0,-2.0e-5,1.05235,1.05237,exponential_05,0.00674,10
18,0.6575,0.65875,0.00125,-8.1e-4,1.05156,1.05237,exponential_01,0.36788,10
18,0.6575,0.65875,0.00125,-0.00197,1.0504,1.05237,no_penalty,1.0,10
18,0.66375,0.66375,0.0,-1.8e-4,1.04446,1.04464,hyperbolic,0.0625,15
18,0.66375,0.66375,0.0,-0.0,1.04464,1.04464,exponential_05,5.5e-4,15
18,0.6625,0.66375,0.00125,-6.1e-4,1.04402,1.04464,exponential_01,0.22313,15
18,0.6675,0.66375,-0.00375,-0.00249,1.04215,1.04464,no_penalty,1.0,15
18,0.66,0.65875,-0.00125,-1.4e-4,1.03974,1.03988,hyperbolic,0.04762,20
18,0.65875,0.65875,0.0,0.0,1.03988,1.03988,exponential_05,5.0e-5,20
18,0.66125,0.65875,-0.0025,-0.0004,1.03948,1.03988,exponential_01,0.13534,20
18,0.66125,0.65875,-0.0025,-0.00267,1.03721,1.03988,no_penalty,1.0,20
19,0.64875,0.6525,0.00375,-0.00109,1.07495,1.07604,hyperbolic,1.0,0
19,0.64875,0.6525,0.00375,-0.00109,1.07495,1.07604,exponential_05,1.0,0
19,0.64875,0.6525,0.00375,-0.00109,1.07495,1.07604,exponential_01,1.0,0
19,0.64875,0.6525,0.00375,-0.00109,1.07495,1.07604,no_penalty,1.0,0
19,0.65625,0.65625,0.0,-6.9e-4,1.0708,1.0715,hyperbolic,0.5,1
19,0.65625,0.65625,0.0,-8.2e-4,1.07068,1.0715,exponential_05,0.60653,1
19,0.65625,0.65625,0.0,-0.00112,1.07038,1.0715,exponential_01,0.90484,1
19,0.65375,0.65625,0.0025,-0.0012,1.07029,1.0715,no_penalty,1.0,1
19,0.66125,0.65875,-0.0025,-5.3e-4,1.06722,1.06774,hyperbolic,0.33333,2
19,0.66125,0.65875,-0.0025,-5.8e-4,1.06717,1.06774,exponential_05,0.36788,2
19,0.66,0.65875,-0.00125,-0.00115,1.06659,1.06774,exponential_01,0.81873,2
19,0.6575,0.65875,0.00125,-0.00134,1.0664,1.06774,no_penalty,1.0,2
19,0.6575,0.655,-0.0025,-0.0004,1.06456,1.06496,hyperbolic,0.25,3
19,0.6575,0.655,-0.0025,-3.6e-4,1.0646,1.06496,exponential_05,0.22313,3
19,0.65625,0.655,-0.00125,-0.00105,1.06391,1.06496,exponential_01,0.74082,3
19,0.65625,0.655,-0.00125,-0.00132,1.06364,1.06496,no_penalty,1.0,3
19,0.65875,0.65875,0.0,-2.8e-4,1.05902,1.0593,hyperbolic,0.16667,5
19,0.65875,0.65875,0.0,-1.4e-4,1.05916,1.0593,exponential_05,0.08208,5
19,0.6625,0.65875,-0.00375,-9.3e-4,1.05837,1.0593,exponential_01,0.60653,5
19,0.66375,0.65875,-0.005,-0.0014,1.0579,1.0593,no_penalty,1.0,5
19,0.6625,0.6625,0.0,-2.2e-4,1.05227,1.05249,hyperbolic,0.11111,8
19,0.6625,0.6625,0.0,-4.0e-5,1.05245,1.05249,exponential_05,0.01832,8
19,0.66375,0.6625,-0.00125,-8.2e-4,1.05167,1.05249,exponential_01,0.44933,8
19,0.665,0.6625,-0.0025,-0.00165,1.05084,1.05249,no_penalty,1.0,8
19,0.67375,0.6725,-0.00125,-0.0002,1.04928,1.04948,hyperbolic,0.09091,10
19,0.6725,0.6725,0.0,-1.0e-5,1.04946,1.04948,exponential_05,0.00674,10
19,0.675,0.6725,-0.0025,-7.7e-4,1.04871,1.04948,exponential_01,0.36788,10
19,0.67625,0.6725,-0.00375,-0.0019,1.04758,1.04948,no_penalty,1.0,10
19,0.67,0.67,0.0,-1.4e-4,1.04121,1.04135,hyperbolic,0.0625,15
19,0.67,0.67,0.0,-0.0,1.04135,1.04135,exponential_05,5.5e-4,15
19,0.6725,0.67,-0.0025,-0.0005,1.04085,1.04135,exponential_01,0.22313,15
19,0.66875,0.67,0.00125,-0.00204,1.03931,1.04135,no_penalty,1.0,15
19,0.68,0.68,0.0,-1.3e-4,1.03653,1.03666,hyperbolic,0.04762,20
19,0.68,0.68,0.0,0.0,1.03666,1.03666,exponential_05,5.0e-5,20
19,0.6775,0.68,0.0025,-3.7e-4,1.03629,1.03666,exponential_01,0.13534,20
19,0.67875,0.68,0.00125,-0.0025,1.03416,1.03666,no_penalty,1.0,20
20,0.65625,0.6525,-0.00375,-0.00454,1.0715,1.07604,hyperbolic,1.0,0
20,0.65625,0.6525,-0.00375,-0.00454,1.0715,1.07604,exponential_05,1.0,0
20,0.65625,0.6525,-0.00375,-0.00454,1.0715,1.07604,exponential_01,1.0,0
20,0.65625,0.6525,-0.00375,-0.00454,1.0715,1.07604,no_penalty,1.0,0
20,0.65,0.64875,-0.00125,-0.00241,1.07254,1.07495,hyperbolic,0.5,1
20,0.65125,0.64875,-0.0025,-0.0029,1.07204,1.07495,exponential_05,0.60653,1
20,0.65375,0.64875,-0.005,-0.00424,1.07071,1.07495,exponential_01,0.90484,1
20,0.65375,0.64875,-0.005,-0.00466,1.07029,1.07495,no_penalty,1.0,1
20,0.645,0.64125,-0.00375,-0.00168,1.07087,1.07255,hyperbolic,0.33333,2
20,0.64625,0.64125,-0.005,-0.00185,1.0707,1.07255,exponential_05,0.36788,2
20,0.64875,0.64125,-0.0075,-0.004,1.06855,1.07255,exponential_01,0.81873,2
20,0.65125,0.64125,-0.01,-0.00483,1.06773,1.07255,no_penalty,1.0,2
20,0.64125,0.6375,-0.00375,-0.0013,1.07043,1.07173,hyperbolic,0.25,3
20,0.64125,0.6375,-0.00375,-0.00116,1.07056,1.07173,exponential_05,0.22313,3
20,0.645,0.6375,-0.0075,-0.00373,1.068,1.07173,exponential_01,0.74082,3
20,0.64625,0.6375,-0.00875,-0.00494,1.06678,1.07173,no_penalty,1.0,3
20,0.63875,0.6375,-0.00125,-0.0009,1.07074,1.07165,hyperbolic,0.16667,5
20,0.6375,0.6375,0.0,-4.5e-4,1.0712,1.07165,exponential_05,0.08208,5
20,0.64125,0.6375,-0.00375,-0.00321,1.06844,1.07165,exponential_01,0.60653,5
20,0.645,0.6375,-0.0075,-0.00517,1.06648,1.07165,no_penalty,1.0,5
20,0.6425,0.64,-0.0025,-5.8e-4,1.06686,1.06744,hyperbolic,0.11111,8
20,0.64125,0.64,-0.00125,-0.0001,1.06734,1.06744,exponential_05,0.01832,8
20,0.645,0.64,-0.005,-0.0023,1.06514,1.06744,exponential_01,0.44933,8
20,0.65,0.64,-0.01,-0.00495,1.06249,1.06744,no_penalty,1.0,8
20,0.64375,0.64375,0.0,-4.7e-4,1.0669,1.06737,hyperbolic,0.09091,10
20,0.64375,0.64375,0.0,-4.0e-5,1.06734,1.06737,exponential_05,0.00674,10
20,0.6425,0.64375,0.00125,-0.00188,1.06549,1.06737,exponential_01,0.36788,10
20,0.65,0.64375,-0.00625,-0.00492,1.06245,1.06737,no_penalty,1.0,10
20,0.64,0.64,0.0,-3.4e-4,1.06038,1.06072,hyperbolic,0.0625,15
20,0.64,0.64,0.0,-0.0,1.06072,1.06072,exponential_05,5.5e-4,15
20,0.64,0.64,0.0,-0.00119,1.05953,1.06072,exponential_01,0.22313,15
20,0.64375,0.64,-0.00375,-0.00514,1.05558,1.06072,no_penalty,1.0,15
20,0.64125,0.64125,0.0,-2.5e-4,1.0582,1.05845,hyperbolic,0.04762,20
20,0.64125,0.64125,0.0,-0.0,1.05845,1.05845,exponential_05,5.0e-5,20
20,0.64,0.64125,0.00125,-7.2e-4,1.05774,1.05845,exponential_01,0.13534,20
20,0.6425,0.64125,-0.00125,-0.0051,1.05336,1.05845,no_penalty,1.0,20
21,0.65,0.6525,0.0025,7.6e-4,1.0768,1.07604,hyperbolic,1.0,0
21,0.65,0.6525,0.0025,7.6e-4,1.0768,1.07604,exponential_05,1.0,0
21,0.65,0.6525,0.0025,7.6e-4,1.0768,1.07604,exponential_01,1.0,0
21,0.65,0.6525,0.0025,7.6e-4,1.0768,1.07604,no_penalty,1.0,0
21,0.65,0.64875,-0.00125,6.0e-5,1.07501,1.07495,hyperbolic,0.5,1
21,0.65,0.64875,-0.00125,1.1e-4,1.07505,1.07495,exponential_05,0.60653,1
21,0.65,0.64875,-0.00125,0.0003,1.07524,1.07495,exponential_01,0.90484,1
21,0.65125,0.64875,-0.0025,3.7e-4,1.07532,1.07495,no_penalty,1.0,1
21,0.645,0.64125,-0.00375,-1.4e-4,1.07241,1.07255,hyperbolic,0.33333,2
21,0.64625,0.64125,-0.005,-1.5e-4,1.0724,1.07255,exponential_05,0.36788,2
21,0.64875,0.64125,-0.0075,-1.6e-4,1.0724,1.07255,exponential_01,0.81873,2
21,0.64875,0.64125,-0.0075,-0.0001,1.07245,1.07255,no_penalty,1.0,2
21,0.63875,0.6375,-0.00125,-1.7e-4,1.07156,1.07173,hyperbolic,0.25,3
21,0.63875,0.6375,-0.00125,-1.5e-4,1.07157,1.07173,exponential_05,0.22313,3
21,0.645,0.6375,-0.0075,-3.3e-4,1.0714,1.07173,exponential_01,0.74082,3
21,0.6475,0.6375,-0.01,-3.2e-4,1.0714,1.07173,no_penalty,1.0,3
21,0.645,0.64625,0.00125,-1.4e-4,1.066,1.06615,hyperbolic,0.16667,5
21,0.64625,0.64625,0.0,-7.0e-5,1.06607,1.06615,exponential_05,0.08208,5
21,0.6475,0.64625,-0.00125,-4.1e-4,1.06574,1.06615,exponential_01,0.60653,5
21,0.655,0.64625,-0.00875,-5.1e-4,1.06564,1.06615,no_penalty,1.0,5
21,0.645,0.645,0.0,-1.9e-4,1.06369,1.06388,hyperbolic,0.11111,8
21,0.645,0.645,0.0,-3.0e-5,1.06385,1.06388,exponential_05,0.01832,8
21,0.64375,0.645,0.00125,-6.9e-4,1.06319,1.06388,exponential_01,0.44933,8
21,0.64125,0.645,0.00375,-0.0013,1.06258,1.06388,no_penalty,1.0,8
21,0.65125,0.65125,0.0,-1.7e-4,1.05699,1.05716,hyperbolic,0.09091,10
21,0.65125,0.65125,0.0,-1.0e-5,1.05714,1.05716,exponential_05,0.00674,10
21,0.65,0.65125,0.00125,-6.4e-4,1.05651,1.05716,exponential_01,0.36788,10
21,0.64625,0.65125,0.005,-0.00151,1.05565,1.05716,no_penalty,1.0,10
21,0.66,0.6625,0.0025,-1.3e-4,1.04341,1.04354,hyperbolic,0.0625,15
21,0.6625,0.6625,0.0,-0.0,1.04354,1.04354,exponential_05,5.5e-4,15
21,0.66,0.6625,0.0025,-4.6e-4,1.04308,1.04354,exponential_01,0.22313,15
21,0.665,0.6625,-0.0025,-0.00181,1.04174,1.04354,no_penalty,1.0,15
21,0.6575,0.6575,0.0,-1.6e-4,1.04377,1.04393,hyperbolic,0.04762,20
21,0.6575,0.6575,0.0,-0.0,1.04392,1.04393,exponential_05,5.0e-5,20
21,0.66,0.6575,-0.0025,-4.4e-4,1.04348,1.04393,exponential_01,0.13534,20
21,0.65875,0.6575,-0.00125,-0.00298,1.04095,1.04393,no_penalty,1.0,20
22,0.64375,0.6525,0.00875,-0.0025,1.07354,1.07604,hyperbolic,1.0,0
22,0.64375,0.6525,0.00875,-0.0025,1.07354,1.07604,exponential_05,1.0,0
22,0.64375,0.6525,0.00875,-0.0025,1.07354,1.07604,exponential_01,1.0,0
22,0.64375,0.6525,0.00875,-0.0025,1.07354,1.07604,no_penalty,1.0,0
22,0.645,0.64875,0.00375,-0.00149,1.07404,1.07553,hyperbolic,0.5,1
22,0.64375,0.64875,0.005,-0.00177,1.07376,1.07553,exponential_05,0.60653,1
22,0.64125,0.64875,0.0075,-0.00249,1.07303,1.07553,exponential_01,0.90484,1
22,0.64125,0.64875,0.0075,-0.0027,1.07282,1.07553,no_penalty,1.0,1
22,0.64625,0.64625,0.0,-0.00118,1.07478,1.07595,hyperbolic,0.33333,2
22,0.64625,0.64625,0.0,-0.00129,1.07466,1.07595,exponential_05,0.36788,2
22,0.645,0.64625,0.00125,-0.00268,1.07328,1.07595,exponential_01,0.81873,2
22,0.645,0.64625,0.00125,-0.00317,1.07278,1.07595,no_penalty,1.0,2
22,0.655,0.6525,-0.0025,-9.2e-4,1.07036,1.07128,hyperbolic,0.25,3
22,0.65625,0.6525,-0.00375,-8.3e-4,1.07045,1.07128,exponential_05,0.22313,3
22,0.65375,0.6525,-0.00125,-0.00253,1.06875,1.07128,exponential_01,0.74082,3
22,0.6525,0.6525,0.0,-0.00329,1.06799,1.07128,no_penalty,1.0,3
22,0.6475,0.645,-0.0025,-7.7e-4,1.07428,1.07506,hyperbolic,0.16667,5
22,0.645,0.645,0.0,-3.8e-4,1.07467,1.07506,exponential_05,0.08208,5
22,0.64625,0.645,-0.00125,-0.00268,1.07238,1.07506,exponential_01,0.60653,5
22,0.64875,0.645,-0.00375,-0.00421,1.07084,1.07506,no_penalty,1.0,5
22,0.65125,0.65375,0.0025,-5.6e-4,1.0706,1.07116,hyperbolic,0.11111,8
22,0.65375,0.65375,0.0,-9.0e-5,1.07106,1.07116,exponential_05,0.01832,8
22,0.6525,0.65375,0.00125,-0.0022,1.06896,1.07116,exponential_01,0.44933,8
22,0.6525,0.65375,0.00125,-0.00462,1.06654,1.07116,no_penalty,1.0,8
22,0.65,0.65125,0.00125,-4.5e-4,1.06699,1.06744,hyperbolic,0.09091,10
22,0.65125,0.65125,0.0,-3.0e-5,1.06741,1.06744,exponential_05,0.00674,10
22,0.64875,0.65125,0.0025,-0.00179,1.06565,1.06744,exponential_01,0.36788,10
22,0.655,0.65125,-0.00375,-0.00458,1.06287,1.06744,no_penalty,1.0,10
22,0.6475,0.64875,0.00125,-3.8e-4,1.07082,1.0712,hyperbolic,0.0625,15
22,0.64875,0.64875,0.0,-0.0,1.07119,1.0712,exponential_05,5.5e-4,15
22,0.65,0.64875,-0.00125,-0.00135,1.06985,1.0712,exponential_01,0.22313,15
22,0.6475,0.64875,0.00125,-0.0057,1.0655,1.0712,no_penalty,1.0,15
22,0.65,0.65125,0.00125,-3.2e-4,1.07299,1.07332,hyperbolic,0.04762,20
22,0.65125,0.65125,0.0,-0.0,1.07332,1.07332,exponential_05,5.0e-5,20
22,0.65,0.65125,0.00125,-9.2e-4,1.0724,1.07332,exponential_01,0.13534,20
22,0.65375,0.65125,-0.0025,-0.00642,1.0669,1.07332,no_penalty,1.0,20
23,0.64875,0.6525,0.00375,-5.1e-4,1.07553,1.07604,hyperbolic,1.0,0
23,0.64875,0.6525,0.00375,-5.1e-4,1.07553,1.07604,exponential_05,1.0,0
23,0.64875,0.6525,0.00375,-5.1e-4,1.07553,1.07604,exponential_01,1.0,0
23,0.64875,0.6525,0.00375,-5.1e-4,1.07553,1.07604,no_penalty,1.0,0
23,0.65375,0.65625,0.0025,-4.6e-4,1.07104,1.0715,hyperbolic,0.5,1
23,0.65375,0.65625,0.0025,-5.3e-4,1.07097,1.0715,exponential_05,0.60653,1
23,0.65,0.65625,0.00625,-6.6e-4,1.07083,1.0715,exponential_01,0.90484,1
23,0.65125,0.65625,0.005,-6.9e-4,1.07081,1.0715,no_penalty,1.0,1
23,0.65375,0.65375,0.0,-3.4e-4,1.0699,1.07024,hyperbolic,0.33333,2
23,0.65375,0.65375,0.0,-3.8e-4,1.06986,1.07024,exponential_05,0.36788,2
23,0.65,0.65375,0.00375,-6.8e-4,1.06956,1.07024,exponential_01,0.81873,2
23,0.65,0.65375,0.00375,-7.5e-4,1.06949,1.07024,no_penalty,1.0,2
23,0.6525,0.65125,-0.00125,-2.8e-4,1.06937,1.06965,hyperbolic,0.25,3
23,0.6525,0.65125,-0.00125,-2.6e-4,1.0694,1.06965,exponential_05,0.22313,3
23,0.65125,0.65125,0.0,-6.9e-4,1.06897,1.06965,exponential_01,0.74082,3
23,0.65,0.65125,0.00125,-8.2e-4,1.06884,1.06965,no_penalty,1.0,3
23,0.65375,0.65375,0.0,-2.5e-4,1.06913,1.06938,hyperbolic,0.16667,5
23,0.65375,0.65375,0.0,-1.3e-4,1.06926,1.06938,exponential_05,0.08208,5
23,0.65375,0.65375,0.0,-7.9e-4,1.06859,1.06938,exponential_01,0.60653,5
23,0.655,0.65375,-0.00125,-0.00114,1.06824,1.06938,no_penalty,1.0,5
23,0.65,0.65,0.0,-2.2e-4,1.0671,1.06732,hyperbolic,0.11111,8
23,0.65,0.65,0.0,-4.0e-5,1.06728,1.06732,exponential_05,0.01832,8
23,0.65,0.65,0.0,-8.4e-4,1.06648,1.06732,exponential_01,0.44933,8
23,0.655,0.65,-0.005,-0.00167,1.06565,1.06732,no_penalty,1.0,8
23,0.65625,0.65625,0.0,-1.9e-4,1.06707,1.06727,hyperbolic,0.09091,10
23,0.65625,0.65625,0.0,-1.0e-5,1.06725,1.06727,exponential_05,0.00674,10
23,0.65625,0.65625,0.0,-7.4e-4,1.06653,1.06727,exponential_01,0.36788,10
23,0.6575,0.65625,-0.00125,-0.00178,1.06549,1.06727,no_penalty,1.0,10
23,0.65,0.65,0.0,-1.6e-4,1.05335,1.05351,hyperbolic,0.0625,15
23,0.65,0.65,0.0,-0.0,1.05351,1.05351,exponential_05,5.5e-4,15
23,0.65,0.65,0.0,-5.5e-4,1.05295,1.05351,exponential_01,0.22313,15
23,0.65375,0.65,-0.00375,-0.00222,1.05129,1.05351,no_penalty,1.0,15
23,0.6475,0.64875,0.00125,-1.5e-4,1.05383,1.05398,hyperbolic,0.04762,20
23,0.64875,0.64875,0.0,-0.0,1.05398,1.05398,exponential_05,5.0e-5,20
23,0.64875,0.64875,0.0,-4.1e-4,1.05356,1.05398,exponential_01,0.13534,20
23,0.655,0.64875,-0.00625,-0.00277,1.0512,1.05398,no_penalty,1.0,20
24,0.64875,0.6525,0.00375,-0.00109,1.07495,1.07604,hyperbolic,1.0,0
24,0.64875,0.6525,0.00375,-0.00109,1.07495,1.07604,exponential_05,1.0,0
24,0.64875,0.6525,0.00375,-0.00109,1.07495,1.07604,exponential_01,1.0,0
24,0.64875,0.6525,0.00375,-0.00109,1.07495,1.07604,no_penalty,1.0,0
24,0.645,0.64875,0.00375,-6.8e-4,1.07485,1.07553,hyperbolic,0.5,1
24,0.64625,0.64875,0.0025,-0.0008,1.07473,1.07553,exponential_05,0.60653,1
24,0.64375,0.64875,0.005,-0.00109,1.07444,1.07553,exponential_01,0.90484,1
24,0.64375,0.64875,0.005,-0.00117,1.07436,1.07553,no_penalty,1.0,1
24,0.6475,0.64625,-0.00125,-0.0006,1.07535,1.07595,hyperbolic,0.33333,2
24,0.64875,0.64625,-0.0025,-6.5e-4,1.0753,1.07595,exponential_05,0.36788,2
24,0.64875,0.64625,-0.0025,-0.00131,1.07464,1.07595,exponential_01,0.81873,2
24,0.6475,0.64625,-0.00125,-0.00154,1.07441,1.07595,no_penalty,1.0,2
24,0.6425,0.64375,0.00125,-4.8e-4,1.07561,1.07609,hyperbolic,0.25,3
24,0.6425,0.64375,0.00125,-4.3e-4,1.07565,1.07609,exponential_05,0.22313,3
24,0.64375,0.64375,0.0,-0.00129,1.0748,1.07609,exponential_01,0.74082,3
24,0.6425,0.64375,0.00125,-0.00164,1.07445,1.07609,no_penalty,1.0,3
24,0.64,0.64125,0.00125,-0.0003,1.06984,1.07015,hyperbolic,0.16667,5
24,0.64,0.64125,0.00125,-1.5e-4,1.07,1.07015,exponential_05,0.08208,5
24,0.64,0.64125,0.00125,-0.00101,1.06914,1.07015,exponential_01,0.60653,5
24,0.63875,0.64125,0.0025,-0.00153,1.06862,1.07015,no_penalty,1.0,5
24,0.645,0.6425,-0.0025,-2.1e-4,1.06322,1.06343,hyperbolic,0.11111,8
24,0.6425,0.6425,0.0,-4.0e-5,1.0634,1.06343,exponential_05,0.01832,8
24,0.64625,0.6425,-0.00375,-0.0008,1.06264,1.06343,exponential_01,0.44933,8
24,0.64375,0.6425,-0.00125,-0.0016,1.06184,1.06343,no_penalty,1.0,8
24,0.64125,0.64,-0.00125,-1.8e-4,1.06267,1.06284,hyperbolic,0.09091,10
24,0.64,0.64,0.0,-1.0e-5,1.06283,1.06284,exponential_05,0.00674,10
24,0.64375,0.64,-0.00375,-6.9e-4,1.06216,1.06284,exponential_01,0.36788,10
24,0.64125,0.64,-0.00125,-0.00167,1.06117,1.06284,no_penalty,1.0,10
24,0.64375,0.64375,0.0,-1.5e-4,1.05555,1.0557,hyperbolic,0.0625,15
24,0.64375,0.64375,0.0,-0.0,1.0557,1.0557,exponential_05,5.5e-4,15
24,0.64125,0.64375,0.0025,-5.3e-4,1.05518,1.0557,exponential_01,0.22313,15
24,0.64125,0.64375,0.0025,-0.00216,1.05355,1.0557,no_penalty,1.0,15
24,0.62875,0.62875,0.0,-1.5e-4,1.05797,1.05812,hyperbolic,0.04762,20
24,0.62875,0.62875,0.0,-0.0,1.05812,1.05812,exponential_05,5.0e-5,20
24,0.6275,0.62875,0.00125,-4.1e-4,1.0577,1.05812,exponential_01,0.13534,20
24,0.63125,0.62875,-0.0025,-0.00285,1.05527,1.05812,no_penalty,1.0,20
25,0.65625,0.6525,-0.00375,-0.00454,1.0715,1.07604,hyperbolic,1.0,0
25,0.65625,0.6525,-0.00375,-0.00454,1.0715,1.07604,exponential_05,1.0,0
25,0.65625,0.6525,-0.00375,-0.00454,1.0715,1.07604,exponential_01,1.0,0
25,0.65625,0.6525,-0.00375,-0.00454,1.0715,1.07604,no_penalty,1.0,0
25,0.65,0.64875,-0.00125,-0.00245,1.07308,1.07553,hyperbolic,0.5,1
25,0.6475,0.64875,0.00125,-0.00295,1.07258,1.07553,exponential_05,0.60653,1
25,0.64875,0.64875,0.0,-0.0043,1.07122,1.07553,exponential_01,0.90484,1
25,0.65125,0.64875,-0.0025,-0.00472,1.07081,1.07553,no_penalty,1.0,1
25,0.6425,0.64125,-0.00125,-0.0017,1.07112,1.07282,hyperbolic,0.33333,2
25,0.6425,0.64125,-0.00125,-0.00187,1.07095,1.07282,exponential_05,0.36788,2
25,0.6425,0.64125,-0.00125,-0.00402,1.0688,1.07282,exponential_01,0.81873,2
25,0.645,0.64125,-0.00375,-0.00485,1.06797,1.07282,no_penalty,1.0,2
25,0.6475,0.645,-0.0025,-0.00125,1.07129,1.07254,hyperbolic,0.25,3
25,0.64625,0.645,-0.00125,-0.00111,1.07143,1.07254,exponential_05,0.22313,3
25,0.65,0.645,-0.005,-0.00357,1.06897,1.07254,exponential_01,0.74082,3
25,0.65375,0.645,-0.00875,-0.00472,1.06782,1.07254,no_penalty,1.0,3
25,0.64375,0.645,0.00125,-8.3e-4,1.06944,1.07027,hyperbolic,0.16667,5
25,0.645,0.645,0.0,-4.1e-4,1.06986,1.07027,exponential_05,0.08208,5
25,0.645,0.645,0.0,-0.00295,1.06732,1.07027,exponential_01,0.60653,5
25,0.64625,0.645,-0.00125,-0.00473,1.06554,1.07027,no_penalty,1.0,5
25,0.63875,0.63875,0.0,-5.6e-4,1.06605,1.06661,hyperbolic,0.11111,8
25,0.63875,0.63875,0.0,-9.0e-5,1.06652,1.06661,exponential_05,0.01832,8
25,0.6425,0.63875,-0.00375,-0.00223,1.06438,1.06661,exponential_01,0.44933,8
25,0.64375,0.63875,-0.005,-0.0048,1.06181,1.06661,no_penalty,1.0,8
25,0.64375,0.64375,0.0,-4.8e-4,1.06341,1.06389,hyperbolic,0.09091,10
25,0.64375,0.64375,0.0,-4.0e-5,1.06385,1.06389,exponential_05,0.00674,10
25,0.64875,0.64375,-0.005,-0.00191,1.06198,1.06389,exponential_01,0.36788,10
25,0.64875,0.64375,-0.005,-0.00502,1.05887,1.06389,no_penalty,1.0,10
25,0.64,0.63875,-0.00125,-3.4e-4,1.05871,1.05905,hyperbolic,0.0625,15
25,0.63875,0.63875,0.0,-0.0,1.05905,1.05905,exponential_05,5.5e-4,15
25,0.63875,0.63875,0.0,-0.0012,1.05785,1.05905,exponential_01,0.22313,15
25,0.6425,0.63875,-0.00375,-0.00517,1.05388,1.05905,no_penalty,1.0,15
25,0.6375,0.6375,0.0,-2.6e-4,1.05483,1.05509,hyperbolic,0.04762,20
25,0.6375,0.6375,0.0,-0.0,1.05509,1.05509,exponential_05,5.0e-5,20
25,0.63875,0.6375,-0.00125,-7.5e-4,1.05435,1.05509,exponential_01,0.13534,20
25,0.64125,0.6375,-0.00375,-0.0053,1.0498,1.05509,no_penalty,1.0,20
26,0.65,0.6525,0.0025,7.6e-4,1.0768,1.07604,hyperbolic,1.0,0
26,0.65,0.6525,0.0025,7.6e-4,1.0768,1.07604,exponential_05,1.0,0
26,0.65,0.6525,0.0025,7.6e-4,1.0768,1.07604,exponential_01,1.0,0
26,0.65,0.6525,0.0025,7.6e-4,1.0768,1.07604,no_penalty,1.0,0
26,0.6475,0.64375,-0.00375,0.0,1.07354,1.07354,hyperbolic,0.5,1
26,0.645,0.64375,-0.00125,3.0e-5,1.07357,1.07354,exponential_05,0.60653,1
26,0.64625,0.64375,-0.0025,1.8e-4,1.07372,1.07354,exponential_01,0.90484,1
26,0.645,0.64375,-0.00125,2.5e-4,1.07379,1.07354,no_penalty,1.0,1
26,0.645,0.64125,-0.00375,-0.0001,1.07271,1.07281,hyperbolic,0.33333,2
26,0.6475,0.64125,-0.00625,-0.0001,1.0727,1.07281,exponential_05,0.36788,2
26,0.64875,0.64125,-0.0075,-6.0e-5,1.07275,1.07281,exponential_01,0.81873,2
26,0.645,0.64125,-0.00375,2.0e-5,1.07282,1.07281,no_penalty,1.0,2
26,0.64125,0.64375,0.0025,-0.0002,1.0707,1.07091,hyperbolic,0.25,3
26,0.6425,0.64375,0.00125,-1.8e-4,1.07072,1.07091,exponential_05,0.22313,3
26,0.6425,0.64375,0.00125,-4.4e-4,1.07047,1.07091,exponential_01,0.74082,3
26,0.64,0.64375,0.00375,-4.7e-4,1.07043,1.07091,no_penalty,1.0,3
26,0.64,0.63875,-0.00125,-2.7e-4,1.06856,1.06882,hyperbolic,0.16667,5
26,0.63875,0.63875,0.0,-1.3e-4,1.06869,1.06882,exponential_05,0.08208,5
26,0.64,0.63875,-0.00125,-8.6e-4,1.06797,1.06882,exponential_01,0.60653,5
26,0.6425,0.63875,-0.00375,-0.00124,1.06758,1.06882,no_penalty,1.0,5
26,0.6475,0.64625,-0.00125,-2.3e-4,1.06296,1.06319,hyperbolic,0.11111,8
26,0.6475,0.64625,-0.00125,-4.0e-5,1.06315,1.06319,exponential_05,0.01832,8
26,0.64875,0.64625,-0.0025,-8.4e-4,1.06234,1.06319,exponential_01,0.44933,8
26,0.6475,0.64625,-0.00125,-0.00165,1.06153,1.06319,no_penalty,1.0,8
26,0.65,0.65,0.0,-0.0002,1.05867,1.05887,hyperbolic,0.09091,10
26,0.65,0.65,0.0,-1.0e-5,1.05885,1.05887,exponential_05,0.00674,10
26,0.65,0.65,0.0,-7.5e-4,1.05812,1.05887,exponential_01,0.36788,10
26,0.65375,0.65,-0.00375,-0.00179,1.05708,1.05887,no_penalty,1.0,10
26,0.6525,0.6525,0.0,-1.6e-4,1.0486,1.04876,hyperbolic,0.0625,15
26,0.6525,0.6525,0.0,-0.0,1.04876,1.04876,exponential_05,5.5e-4,15
26,0.65375,0.6525,-0.00125,-5.6e-4,1.0482,1.04876,exponential_01,0.22313,15
26,0.655,0.6525,-0.0025,-0.00221,1.04655,1.04876,no_penalty,1.0,15
26,0.65875,0.65875,0.0,-1.4e-4,1.04199,1.04213,hyperbolic,0.04762,20
26,0.65875,0.65875,0.0,0.0,1.04213,1.04213,exponential_05,5.0e-5,20
26,0.65875,0.65875,0.0,-4.1e-4,1.04172,1.04213,exponential_01,0.13534,20
26,0.6625,0.65875,-0.00375,-0.00276,1.03937,1.04213,no_penalty,1.0,20
27,0.64375,0.6525,0.00875,-0.0025,1.07354,1.07604,hyperbolic,1.0,0
27,0.64375,0.6525,0.00875,-0.0025,1.07354,1.07604,exponential_05,1.0,0
27,0.64375,0.6525,0.00875,-0.0025,1.07354,1.07604,exponential_01,1.0,0
27,0.64375,0.6525,0.00875,-0.0025,1.07354,1.07604,no_penalty,1.0,0
27,0.645,0.64875,0.00375,-0.00149,1.07404,1.07553,hyperbolic,0.5,1
27,0.64375,0.64875,0.005,-0.00177,1.07376,1.07553,exponential_05,0.60653,1
27,0.64125,0.64875,0.0075,-0.00249,1.07303,1.07553,exponential_01,0.90484,1
27,0.64125,0.64875,0.0075,-0.0027,1.07282,1.07553,no_penalty,1.0,1
27,0.64625,0.64625,0.0,-0.00118,1.07478,1.07595,hyperbolic,0.33333,2
27,0.64625,0.64625,0.0,-0.00129,1.07466,1.07595,exponential_05,0.36788,2
27,0.645,0.64625,0.00125,-0.00268,1.07328,1.07595,exponential_01,0.81873,2
27,0.645,0.64625,0.00125,-0.00317,1.07278,1.07595,no_penalty,1.0,2
27,0.655,0.6525,-0.0025,-9.2e-4,1.07036,1.07128,hyperbolic,0.25,3
27,0.65625,0.6525,-0.00375,-8.3e-4,1.07045,1.07128,exponential_05,0.22313,3
27,0.65375,0.6525,-0.00125,-0.00253,1.06875,1.07128,exponential_01,0.74082,3
27,0.6525,0.6525,0.0,-0.00329,1.06799,1.07128,no_penalty,1.0,3
27,0.6475,0.64875,0.00125,-7.2e-4,1.07159,1.07231,hyperbolic,0.16667,5
27,0.6475,0.64875,0.00125,-3.6e-4,1.07195,1.07231,exponential_05,0.08208,5
27,0.65125,0.64875,-0.0025,-0.00248,1.06983,1.07231,exponential_01,0.60653,5
27,0.65,0.64875,-0.00125,-0.00389,1.06842,1.07231,no_penalty,1.0,5
27,0.6325,0.6325,0.0,-5.6e-4,1.0746,1.07516,hyperbolic,0.11111,8
27,0.6325,0.6325,0.0,-9.0e-5,1.07507,1.07516,exponential_05,0.01832,8
27,0.63375,0.6325,-0.00125,-0.00218,1.07298,1.07516,exponential_01,0.44933,8
27,0.6375,0.6325,-0.005,-0.00459,1.07057,1.07516,no_penalty,1.0,8
27,0.63375,0.6325,-0.00125,-5.3e-4,1.07965,1.08018,hyperbolic,0.09091,10
27,0.6325,0.6325,0.0,-4.0e-5,1.08014,1.08018,exponential_05,0.00674,10
27,0.63125,0.6325,0.00125,-0.00208,1.0781,1.08018,exponential_01,0.36788,10
27,0.63125,0.6325,0.00125,-0.00536,1.07482,1.08018,no_penalty,1.0,10
27,0.64,0.6375,-0.0025,-4.3e-4,1.08343,1.08386,hyperbolic,0.0625,15
27,0.6375,0.6375,0.0,-0.0,1.08385,1.08386,exponential_05,5.5e-4,15
27,0.64,0.6375,-0.0025,-0.0015,1.08235,1.08386,exponential_01,0.22313,15
27,0.635,0.6375,0.0025,-0.00639,1.07746,1.08386,no_penalty,1.0,15
27,0.63375,0.6325,-0.00125,-3.4e-4,1.08478,1.08512,hyperbolic,0.04762,20
27,0.6325,0.6325,0.0,-0.0,1.08512,1.08512,exponential_05,5.0e-5,20
27,0.63375,0.6325,-0.00125,-9.7e-4,1.08415,1.08512,exponential_01,0.13534,20
27,0.64125,0.6325,-0.00875,-0.00677,1.07835,1.08512,no_penalty,1.0,20
28,0.64875,0.6525,0.00375,-5.1e-4,1.07553,1.07604,hyperbolic,1.0,0
28,0.64875,0.6525,0.00375,-5.1e-4,1.07553,1.07604,exponential_05,1.0,0
28,0.64875,0.6525,0.00375,-5.1e-4,1.07553,1.07604,exponential_01,1.0,0
28,0.64875,0.6525,0.00375,-5.1e-4,1.07553,1.07604,no_penalty,1.0,0
28,0.64375,0.64875,0.005,-4.1e-4,1.07454,1.07495,hyperbolic,0.5,1
28,0.64375,0.64875,0.005,-4.6e-4,1.07449,1.07495,exponential_05,0.60653,1
28,0.64375,0.64875,0.005,-5.7e-4,1.07438,1.07495,exponential_01,0.90484,1
28,0.64375,0.64875,0.005,-5.9e-4,1.07436,1.07495,no_penalty,1.0,1
28,0.65,0.65125,0.00125,-3.8e-4,1.0749,1.07528,hyperbolic,0.33333,2
28,0.65,0.65125,0.00125,-4.1e-4,1.07486,1.07528,exponential_05,0.36788,2
28,0.65,0.65125,0.00125,-7.6e-4,1.07452,1.07528,exponential_01,0.81873,2
28,0.6475,0.65125,0.00375,-8.4e-4,1.07443,1.07528,no_penalty,1.0,2
28,0.6525,0.6525,0.0,-3.6e-4,1.07619,1.07655,hyperbolic,0.25,3
28,0.6525,0.6525,0.0,-3.3e-4,1.07623,1.07655,exponential_05,0.22313,3
28,0.64875,0.6525,0.00375,-9.2e-4,1.07564,1.07655,exponential_01,0.74082,3
28,0.65,0.6525,0.0025,-0.00113,1.07543,1.07655,no_penalty,1.0,3
28,0.64125,0.64,-0.00125,-3.2e-4,1.07462,1.07494,hyperbolic,0.16667,5
28,0.64,0.64,0.0,-1.6e-4,1.07478,1.07494,exponential_05,0.08208,5
28,0.6425,0.64,-0.0025,-0.00104,1.07389,1.07494,exponential_01,0.60653,5
28,0.64125,0.64,-0.00125,-0.00156,1.07338,1.07494,no_penalty,1.0,5
28,0.645,0.645,0.0,-2.7e-4,1.07098,1.07125,hyperbolic,0.11111,8
28,0.645,0.645,0.0,-4.0e-5,1.0712,1.07125,exponential_05,0.01832,8
28,0.645,0.645,0.0,-0.00101,1.07024,1.07125,exponential_01,0.44933,8
28,0.6425,0.645,0.0025,-0.00203,1.06922,1.07125,no_penalty,1.0,8
28,0.63375,0.63375,0.0,-2.6e-4,1.07636,1.07662,hyperbolic,0.09091,10
28,0.63375,0.63375,0.0,-2.0e-5,1.0766,1.07662,exponential_05,0.00674,10
28,0.63375,0.63375,0.0,-0.00102,1.0756,1.07662,exponential_01,0.36788,10
28,0.635,0.63375,-0.00125,-0.00253,1.07409,1.07662,no_penalty,1.0,10
28,0.63375,0.63375,0.0,-0.0002,1.06665,1.06685,hyperbolic,0.0625,15
28,0.63375,0.63375,0.0,-0.0,1.06685,1.06685,exponential_05,5.5e-4,15
28,0.63375,0.63375,0.0,-0.0007,1.06615,1.06685,exponential_01,0.22313,15
28,0.6375,0.63375,-0.00375,-0.00288,1.06397,1.06685,no_penalty,1.0,15
28,0.63375,0.63375,0.0,-1.6e-4,1.05906,1.05921,hyperbolic,0.04762,20
28,0.63375,0.63375,0.0,-0.0,1.05921,1.05921,exponential_05,5.0e-5,20
28,0.63375,0.63375,0.0,-4.4e-4,1.05877,1.05921,exponential_01,0.13534,20
28,0.63875,0.63375,-0.005,-0.00298,1.05623,1.05921,no_penalty,1.0,20
29,0.64875,0.6525,0.00375,-0.00109,1.07495,1.07604,hyperbolic,1.0,0
29,0.64875,0.6525,0.00375,-0.00109,1.07495,1.07604,exponential_05,1.0,0
29,0.64875,0.6525,0.00375,-0.00109,1.07495,1.07604,exponential_01,1.0,0
29,0.64875,0.6525,0.00375,-0.00109,1.07495,1.07604,no_penalty,1.0,0
29,0.65625,0.65625,0.0,-6.9e-4,1.0708,1.0715,hyperbolic,0.5,1
29,0.65625,0.65625,0.0,-8.2e-4,1.07068,1.0715,exponential_05,0.60653,1
29,0.65625,0.65625,0.0,-0.00112,1.07038,1.0715,exponential_01,0.90484,1
29,0.65375,0.65625,0.0025,-0.0012,1.07029,1.0715,no_penalty,1.0,1
29,0.66125,0.65875,-0.0025,-5.3e-4,1.06722,1.06774,hyperbolic,0.33333,2
29,0.66125,0.65875,-0.0025,-5.8e-4,1.06717,1.06774,exponential_05,0.36788,2
29,0.66,0.65875,-0.00125,-0.00115,1.06659,1.06774,exponential_01,0.81873,2
29,0.6575,0.65875,0.00125,-0.00134,1.0664,1.06774,no_penalty,1.0,2
29,0.6575,0.655,-0.0025,-0.0004,1.06456,1.06496,hyperbolic,0.25,3
29,0.6575,0.655,-0.0025,-3.6e-4,1.0646,1.06496,exponential_05,0.22313,3
29,0.65625,0.655,-0.00125,-0.00105,1.06391,1.06496,exponential_01,0.74082,3
29,0.65625,0.655,-0.00125,-0.00132,1.06364,1.06496,no_penalty,1.0,3
29,0.66375,0.6625,-0.00125,-0.0003,1.05893,1.05924,hyperbolic,0.16667,5
29,0.6625,0.6625,0.0,-1.5e-4,1.05908,1.05924,exponential_05,0.08208,5
29,0.6625,0.6625,0.0,-0.00102,1.05822,1.05924,exponential_01,0.60653,5
29,0.6625,0.6625,0.0,-0.00155,1.05769,1.05924,no_penalty,1.0,5
29,0.6625,0.66125,-0.00125,-2.1e-4,1.05247,1.05268,hyperbolic,0.11111,8
29,0.66125,0.66125,0.0,-4.0e-5,1.05264,1.05268,exponential_05,0.01832,8
29,0.66375,0.66125,-0.0025,-8.1e-4,1.05187,1.05268,exponential_01,0.44933,8
29,0.66375,0.66125,-0.0025,-0.00162,1.05106,1.05268,no_penalty,1.0,8
29,0.6625,0.66125,-0.00125,-0.0002,1.05103,1.05123,hyperbolic,0.09091,10
29,0.66125,0.66125,0.0,-1.0e-5,1.05122,1.05123,exponential_05,0.00674,10
29,0.6675,0.66125,-0.00625,-7.7e-4,1.05046,1.05123,exponential_01,0.36788,10
29,0.66375,0.66125,-0.0025,-0.00189,1.04934,1.05123,no_penalty,1.0,10
29,0.67,0.66875,-0.00125,-1.4e-4,1.04148,1.04162,hyperbolic,0.0625,15
29,0.66875,0.66875,0.0,-0.0,1.04162,1.04162,exponential_05,5.5e-4,15
29,0.67125,0.66875,-0.0025,-0.0005,1.04112,1.04162,exponential_01,0.22313,15
29,0.66875,0.66875,0.0,-0.00203,1.0396,1.04162,no_penalty,1.0,15
29,0.66875,0.66875,0.0,-1.2e-4,1.03507,1.03519,hyperbolic,0.04762,20
29,0.66875,0.66875,0.0,-0.0,1.03519,1.03519,exponential_05,5.0e-5,20
29,0.6675,0.66875,0.00125,-3.3e-4,1.03486,1.03519,exponential_01,0.13534,20
29,0.6675,0.66875,0.00125,-0.00221,1.03298,1.03519,no_penalty,1.0,20
30,0.65625,0.6525,-0.00375,-0.00454,1.0715,1.07604,hyperbolic,1.0,0
30,0.65625,0.6525,-0.00375,-0.00454,1.0715,1.07604,exponential_05,1.0,0
30,0.65625,0.6525,-0.00375,-0.00454,1.0715,1.07604,exponential_01,1.0,0
30,0.65625,0.6525,-0.00375,-0.00454,1.0715,1.07604,no_penalty,1.0,0
30,0.65,0.64875,-0.00125,-0.00245,1.07308,1.07553,hyperbolic,0.5,1
30,0.6475,0.64875,0.00125,-0.00295,1.07258,1.07553,exponential_05,0.60653,1
30,0.64875,0.64875,0.0,-0.0043,1.07122,1.07553,exponential_01,0.90484,1
30,0.65125,0.64875,-0.0025,-0.00472,1.07081,1.07553,no_penalty,1.0,1
30,0.64875,0.64625,-0.0025,-0.00161,1.07434,1.07595,hyperbolic,0.33333,2
30,0.64875,0.64625,-0.0025,-0.00178,1.07417,1.07595,exponential_05,0.36788,2
30,0.64875,0.64625,-0.0025,-0.00382,1.07213,1.07595,exponential_01,0.81873,2
30,0.6525,0.64625,-0.00625,-0.0046,1.07135,1.07595,no_penalty,1.0,2
30,0.64375,0.64375,0.0,-0.00126,1.07482,1.07609,hyperbolic,0.25,3
30,0.64375,0.64375,0.0,-0.00113,1.07496,1.07609,exponential_05,0.22313,3
30,0.64625,0.64375,-0.0025,-0.00362,1.07247,1.07609,exponential_01,0.74082,3
30,0.64875,0.64375,-0.005,-0.0048,1.07129,1.07609,no_penalty,1.0,3
30,0.64125,0.64,-0.00125,-8.1e-4,1.07834,1.07915,hyperbolic,0.16667,5
30,0.64125,0.64,-0.00125,-0.0004,1.07875,1.07915,exponential_05,0.08208,5
30,0.6425,0.64,-0.0025,-0.00288,1.07627,1.07915,exponential_01,0.60653,5
30,0.6425,0.64,-0.0025,-0.00463,1.07452,1.07915,no_penalty,1.0,5
30,0.63,0.62875,-0.00125,-5.9e-4,1.07523,1.07582,hyperbolic,0.11111,8
30,0.62875,0.62875,0.0,-0.0001,1.07572,1.07582,exponential_05,0.01832,8
30,0.6325,0.62875,-0.00375,-0.00232,1.0735,1.07582,exponential_01,0.44933,8
30,0.6375,0.62875,-0.00875,-0.00501,1.07081,1.07582,no_penalty,1.0,8
30,0.63125,0.63,-0.00125,-0.0005,1.07295,1.07345,hyperbolic,0.09091,10
30,0.63,0.63,0.0,-4.0e-5,1.07341,1.07345,exponential_05,0.00674,10
30,0.63125,0.63,-0.00125,-0.00199,1.07146,1.07345,exponential_01,0.36788,10
30,0.63625,0.63,-0.00625,-0.00521,1.06824,1.07345,no_penalty,1.0,10
30,0.635,0.635,0.0,-3.7e-4,1.06867,1.06904,hyperbolic,0.0625,15
30,0.635,0.635,0.0,-0.0,1.06904,1.06904,exponential_05,5.5e-4,15
30,0.635,0.635,0.0,-0.0013,1.06774,1.06904,exponential_01,0.22313,15
30,0.63875,0.635,-0.00375,-0.00562,1.06342,1.06904,no_penalty,1.0,15
30,0.62875,0.62875,0.0,-2.7e-4,1.06805,1.06831,hyperbolic,0.04762,20
30,0.62875,0.62875,0.0,-0.0,1.06831,1.06831,exponential_05,5.0e-5,20
30,0.63,0.62875,-0.00125,-7.6e-4,1.06756,1.06831,exponential_01,0.13534,20
30,0.63125,0.62875,-0.0025,-0.00538,1.06293,1.06831,no_penalty,1.0,20